adquirir;Present;yo;adquiero;B-cambio a las 1 2 3 6 ;1
adquirir;PRT_Indefinido;yo;adquirí;B-cambio a las 1 2 3 6 ;0
adquirir;PRT_Imperfecto;yo;adquiría;B-cambio a las 1 2 3 6 ;0
adquirir;Futuro;yo;adquiriré;B-cambio a las 1 2 3 6 ;0
adquirir;Conditionnal;yo;adquiriría;B-cambio a las 1 2 3 6 ;0
adquirir;Subj_PRES;yo;adquiera;B-cambio a las 1 2 3 6 ;1
adquirir;Subj_IMP_1;yo;adquiriera;B-cambio a las 1 2 3 6 ;0
adquirir;Present;tu;adquieres;B-cambio a las 1 2 3 6 ;1
adquirir;PRT_Indefinido;tu;adquiriste;B-cambio a las 1 2 3 6 ;0
adquirir;PRT_Imperfecto;tu;adquirías;B-cambio a las 1 2 3 6 ;0
adquirir;Futuro;tu;adquirirás;B-cambio a las 1 2 3 6 ;0
adquirir;Conditionnal;tu;adquirirías;B-cambio a las 1 2 3 6 ;0
adquirir;Subj_PRES;tu;adquieras;B-cambio a las 1 2 3 6 ;1
adquirir;Subj_IMP_1;tu;adquirieras;B-cambio a las 1 2 3 6 ;0
adquirir;Present;el;adquiere ;B-cambio a las 1 2 3 6 ;1
adquirir;PRT_Indefinido;el;adquirió;B-cambio a las 1 2 3 6 ;0
adquirir;PRT_Imperfecto;el;adquiría;B-cambio a las 1 2 3 6 ;0
adquirir;Futuro;el;adquirirá;B-cambio a las 1 2 3 6 ;0
adquirir;Conditionnal;el;adquiriría;B-cambio a las 1 2 3 6 ;0
adquirir;Subj_PRES;el;adquiera;B-cambio a las 1 2 3 6 ;1
adquirir;Subj_IMP_1;el;adquiriera;B-cambio a las 1 2 3 6 ;0
adquirir;Present;nosotros;adquirimos;B-cambio a las 1 2 3 6 ;1
adquirir;PRT_Indefinido;nosotros;adquirimos;B-cambio a las 1 2 3 6 ;0
adquirir;PRT_Imperfecto;nosotros;adquiríamos;B-cambio a las 1 2 3 6 ;0
adquirir;Futuro;nosotros;adquiriremos;B-cambio a las 1 2 3 6 ;0
adquirir;Conditionnal;nosotros;adquiriríamos;B-cambio a las 1 2 3 6 ;0
adquirir;Subj_PRES;nosotros;adquiramos;B-cambio a las 1 2 3 6 ;0
adquirir;Subj_IMP_1;nosotros;adquiriéramos;B-cambio a las 1 2 3 6 ;0
adquirir;Present;vosotros;adquiris;B-cambio a las 1 2 3 6 ;1
adquirir;PRT_Indefinido;vosotros;adquiristeis;B-cambio a las 1 2 3 6 ;0
adquirir;PRT_Imperfecto;vosotros;adquiríais;B-cambio a las 1 2 3 6 ;0
adquirir;Futuro;vosotros;adquiriréis;B-cambio a las 1 2 3 6 ;0
adquirir;Conditionnal;vosotros;adquiriríais;B-cambio a las 1 2 3 6 ;0
adquirir;Subj_PRES;vosotros;adquiráis;B-cambio a las 1 2 3 6 ;0
adquirir;Subj_IMP_1;vosotros;adquirierais;B-cambio a las 1 2 3 6 ;0
adquirir;Present;ellos;adquieren;B-cambio a las 1 2 3 6 ;1
adquirir;PRT_Indefinido;ellos;adquirieron;B-cambio a las 1 2 3 6 ;0
adquirir;PRT_Imperfecto;ellos;adquirían;B-cambio a las 1 2 3 6 ;0
adquirir;Futuro;ellos;adquirirán;B-cambio a las 1 2 3 6 ;0
adquirir;Conditionnal;ellos;adquirirían;B-cambio a las 1 2 3 6 ;0
adquirir;Subj_PRES;ellos;adquieran;B-cambio a las 1 2 3 6 ;1
adquirir;Subj_IMP_1;ellos;adquirieran;B-cambio a las 1 2 3 6 ;0
cantar;Present;yo;canto ;Regular;0
cantar;PRT_Indefinido;yo;canté;Regular;0
cantar;PRT_Imperfecto;yo;cantaba ;Regular;0
cantar;Futuro;yo;cantaré;Regular;0
cantar;Conditionnal;yo;cantaría;Regular;0
cantar;Subj_PRES;yo;cante;Regular;0
cantar;Subj_IMP_1;yo;cantara;Regular;0
cantar;Present;tu;cantas;Regular;0
cantar;PRT_Indefinido;tu;cantaste ;Regular;0
cantar;PRT_Imperfecto;tu;cantabas ;Regular;0
cantar;Futuro;tu;cantarás ;Regular;0
cantar;Conditionnal;tu;cantarías ;Regular;0
cantar;Subj_PRES;tu;cantes;Regular;0
cantar;Subj_IMP_1;tu;cantaras;Regular;0
cantar;Present;el;canta ;Regular;0
cantar;PRT_Indefinido;el;cantó;Regular;0
cantar;PRT_Imperfecto;el;cantaba ;Regular;0
cantar;Futuro;el;cantará;Regular;0
cantar;Conditionnal;el;cantaría;Regular;0
cantar;Subj_PRES;el;cante;Regular;0
cantar;Subj_IMP_1;el;cantara;Regular;0
cantar;Present;nosotros;cantamos;Regular;0
cantar;PRT_Indefinido;nosotros;cantamos;Regular;0
cantar;PRT_Imperfecto;nosotros;cantabamos ;Regular;0
cantar;Futuro;nosotros;cantaremos;Regular;0
cantar;Conditionnal;nosotros;cantaríamos;Regular;0
cantar;Subj_PRES;nosotros;cantemos;Regular;0
cantar;Subj_IMP_1;nosotros;cantáros;Regular;0
cantar;Present;vosotros;cantáis;Regular;0
cantar;PRT_Indefinido;vosotros;cantasteis;Regular;0
cantar;PRT_Imperfecto;vosotros;cantabais;Regular;0
cantar;Futuro;vosotros;cantaréis ;Regular;0
cantar;Conditionnal;vosotros;cantaríaís ;Regular;0
cantar;Subj_PRES;vosotros;cantéis;Regular;0
cantar;Subj_IMP_1;vosotros;cantarais;Regular;0
cantar;Present;ellos;cantan;Regular;0
cantar;PRT_Indefinido;ellos;cantaron;Regular;0
cantar;PRT_Imperfecto;ellos;cantaban;Regular;0
cantar;Futuro;ellos;cantarán;Regular;0
cantar;Conditionnal;ellos;cantarían;Regular;0
cantar;Subj_PRES;ellos;canten;Regular;0
cantar;Subj_IMP_1;ellos;cantaran;Regular;0
cerrar;Present;yo;cierro;B-cambio a las 1 2 3 6 ;1
cerrar;PRT_Indefinido;yo;cerré;B-cambio a las 1 2 3 6 ;0
cerrar;PRT_Imperfecto;yo;cerraba ;B-cambio a las 1 2 3 6 ;0
cerrar;Futuro;yo;cerraré;B-cambio a las 1 2 3 6 ;0
cerrar;Conditionnal;yo;cerraría;B-cambio a las 1 2 3 6 ;0
cerrar;Subj_PRES;yo;cierre;B-cambio a las 1 2 3 6 ;1
cerrar;Subj_IMP_1;yo;cerrara;B-cambio a las 1 2 3 6 ;0
cerrar;Present;tu;cierras ;B-cambio a las 1 2 3 6 ;1
cerrar;PRT_Indefinido;tu;cerraste ;B-cambio a las 1 2 3 6 ;0
cerrar;PRT_Imperfecto;tu;cerrabas ;B-cambio a las 1 2 3 6 ;0
cerrar;Futuro;tu;cerrarás ;B-cambio a las 1 2 3 6 ;0
cerrar;Conditionnal;tu;cerrarías ;B-cambio a las 1 2 3 6 ;0
cerrar;Subj_PRES;tu;cierres;B-cambio a las 1 2 3 6 ;1
cerrar;Subj_IMP_1;tu;cerraras;B-cambio a las 1 2 3 6 ;0
cerrar;Present;el;cierra ;B-cambio a las 1 2 3 6 ;1
cerrar;PRT_Indefinido;el;cerró;B-cambio a las 1 2 3 6 ;0
cerrar;PRT_Imperfecto;el;cerraba ;B-cambio a las 1 2 3 6 ;0
cerrar;Futuro;el;cerrará;B-cambio a las 1 2 3 6 ;0
cerrar;Conditionnal;el;cerraría;B-cambio a las 1 2 3 6 ;0
cerrar;Subj_PRES;el;cierre;B-cambio a las 1 2 3 6 ;1
cerrar;Subj_IMP_1;el;cerrara;B-cambio a las 1 2 3 6 ;0
cerrar;Present;nosotros;cerramos;B-cambio a las 1 2 3 6 ;1
cerrar;PRT_Indefinido;nosotros;cerramos;B-cambio a las 1 2 3 6 ;0
cerrar;PRT_Imperfecto;nosotros;cerrabamos ;B-cambio a las 1 2 3 6 ;0
cerrar;Futuro;nosotros;cerraremos;B-cambio a las 1 2 3 6 ;0
cerrar;Conditionnal;nosotros;cerraríamos;B-cambio a las 1 2 3 6 ;0
cerrar;Subj_PRES;nosotros;cerremos;B-cambio a las 1 2 3 6 ;0
cerrar;Subj_IMP_1;nosotros;cerráros;B-cambio a las 1 2 3 6 ;0
cerrar;Present;vosotros;cerráis;B-cambio a las 1 2 3 6 ;1
cerrar;PRT_Indefinido;vosotros;cerrasteis;B-cambio a las 1 2 3 6 ;0
cerrar;PRT_Imperfecto;vosotros;cerrabais;B-cambio a las 1 2 3 6 ;0
cerrar;Futuro;vosotros;cerraréis ;B-cambio a las 1 2 3 6 ;0
cerrar;Conditionnal;vosotros;cerraríaís ;B-cambio a las 1 2 3 6 ;0
cerrar;Subj_PRES;vosotros;cerréis;B-cambio a las 1 2 3 6 ;0
cerrar;Subj_IMP_1;vosotros;cerrarais;B-cambio a las 1 2 3 6 ;0
cerrar;Present;ellos;cierran ;B-cambio a las 1 2 3 6 ;1
cerrar;PRT_Indefinido;ellos;cerraron;B-cambio a las 1 2 3 6 ;0
cerrar;PRT_Imperfecto;ellos;cerraban;B-cambio a las 1 2 3 6 ;0
cerrar;Futuro;ellos;cerrarán;B-cambio a las 1 2 3 6 ;0
cerrar;Conditionnal;ellos;cerrarían;B-cambio a las 1 2 3 6 ;0
cerrar;Subj_PRES;ellos;cierren;B-cambio a las 1 2 3 6 ;1
cerrar;Subj_IMP_1;ellos;cerraran;B-cambio a las 1 2 3 6 ;0
comer;Present;yo;como;Regular;0
comer;PRT_Indefinido;yo;comí;Regular;0
comer;PRT_Imperfecto;yo;comia;Regular;0
comer;Futuro;yo;comere;Regular;0
comer;Conditionnal;yo;comería;Regular;0
comer;Subj_PRES;yo;coma;Regular;0
comer;Subj_IMP_1;yo;comiera;Regular;0
comer;Present;tu;comes;Regular;0
comer;PRT_Indefinido;tu;comiste;Regular;0
comer;PRT_Imperfecto;tu;comias ;Regular;0
comer;Futuro;tu;comeras;Regular;0
comer;Conditionnal;tu;comerías;Regular;0
comer;Subj_PRES;tu;comas;Regular;0
comer;Subj_IMP_1;tu;comieras;Regular;0
comer;Present;el;come ;Regular;0
comer;PRT_Indefinido;el;comió;Regular;0
comer;PRT_Imperfecto;el;comia;Regular;0
comer;Futuro;el;comera ;Regular;0
comer;Conditionnal;el;comería;Regular;0
comer;Subj_PRES;el;coma;Regular;0
comer;Subj_IMP_1;el;comiera;Regular;0
comer;Present;nosotros;comemos ;Regular;0
comer;PRT_Indefinido;nosotros;comimos;Regular;0
comer;PRT_Imperfecto;nosotros;comiamos;Regular;0
comer;Futuro;nosotros;comeremos;Regular;0
comer;Conditionnal;nosotros;comeríamos;Regular;0
comer;Subj_PRES;nosotros;comamos;Regular;0
comer;Subj_IMP_1;nosotros;comiéramos;Regular;0
comer;Present;vosotros;coméis;Regular;0
comer;PRT_Indefinido;vosotros;comisteis;Regular;0
comer;PRT_Imperfecto;vosotros;comiais;Regular;0
comer;Futuro;vosotros;comereis;Regular;0
comer;Conditionnal;vosotros;comeríais;Regular;0
comer;Subj_PRES;vosotros;comáis;Regular;0
comer;Subj_IMP_1;vosotros;comierais;Regular;0
comer;Present;ellos;comen;Regular;0
comer;PRT_Indefinido;ellos;comieron;Regular;0
comer;PRT_Imperfecto;ellos;comian;Regular;0
comer;Futuro;ellos;comeran;Regular;0
comer;Conditionnal;ellos;comerían;Regular;0
comer;Subj_PRES;ellos;coman;Regular;0
comer;Subj_IMP_1;ellos;comieran;Regular;0
conocer;Present;yo;conozco;C-cambio a la 1 ;1
conocer;PRT_Indefinido;yo;conocí;C-cambio a la 1 ;0
conocer;PRT_Imperfecto;yo;conocia;C-cambio a la 1 ;0
conocer;Futuro;yo;conocere;C-cambio a la 1 ;0
conocer;Conditionnal;yo;conocería;C-cambio a la 1 ;0
conocer;Subj_PRES;yo;conozca;C-cambio a la 1 ;1
conocer;Subj_IMP_1;yo;conociera;C-cambio a la 1 ;0
conocer;Present;tu;conoces;C-cambio a la 1 ;0
conocer;PRT_Indefinido;tu;conociste;C-cambio a la 1 ;0
conocer;PRT_Imperfecto;tu;conocias ;C-cambio a la 1 ;0
conocer;Futuro;tu;conoceras;C-cambio a la 1 ;0
conocer;Conditionnal;tu;conocerías;C-cambio a la 1 ;0
conocer;Subj_PRES;tu;conozcas;C-cambio a la 1 ;1
conocer;Subj_IMP_1;tu;conocieras;C-cambio a la 1 ;0
conocer;Present;el;conoce ;C-cambio a la 1 ;0
conocer;PRT_Indefinido;el;conoció;C-cambio a la 1 ;0
conocer;PRT_Imperfecto;el;conocia;C-cambio a la 1 ;0
conocer;Futuro;el;conocera ;C-cambio a la 1 ;0
conocer;Conditionnal;el;conocería;C-cambio a la 1 ;0
conocer;Subj_PRES;el;conozca;C-cambio a la 1 ;1
conocer;Subj_IMP_1;el;conociera;C-cambio a la 1 ;0
conocer;Present;nosotros;conocemos ;C-cambio a la 1 ;0
conocer;PRT_Indefinido;nosotros;conocimos;C-cambio a la 1 ;0
conocer;PRT_Imperfecto;nosotros;conociamos;C-cambio a la 1 ;0
conocer;Futuro;nosotros;conoceremos;C-cambio a la 1 ;0
conocer;Conditionnal;nosotros;conoceríamos;C-cambio a la 1 ;0
conocer;Subj_PRES;nosotros;conozcamos;C-cambio a la 1 ;1
conocer;Subj_IMP_1;nosotros;conociéramos;C-cambio a la 1 ;0
conocer;Present;vosotros;conocéis;C-cambio a la 1 ;0
conocer;PRT_Indefinido;vosotros;conocisteis;C-cambio a la 1 ;0
conocer;PRT_Imperfecto;vosotros;conociais;C-cambio a la 1 ;0
conocer;Futuro;vosotros;conocereis;C-cambio a la 1 ;0
conocer;Conditionnal;vosotros;conoceríais;C-cambio a la 1 ;0
conocer;Subj_PRES;vosotros;conozcáis;C-cambio a la 1 ;1
conocer;Subj_IMP_1;vosotros;conocierais;C-cambio a la 1 ;0
conocer;Present;ellos;conocen;C-cambio a la 1 ;0
conocer;PRT_Indefinido;ellos;conocieron;C-cambio a la 1 ;0
conocer;PRT_Imperfecto;ellos;conocian;C-cambio a la 1 ;0
conocer;Futuro;ellos;conoceran;C-cambio a la 1 ;0
conocer;Conditionnal;ellos;conocerían;C-cambio a la 1 ;0
conocer;Subj_PRES;ellos;conozcan;C-cambio a la 1 ;1
conocer;Subj_IMP_1;ellos;conocieran;C-cambio a la 1 ;0
decir;Present;yo;digo;D-2  ( a la 1, a las 2 3 6 ) ;1
decir;PRT_Indefinido;yo;dije;D-2  ( a la 1, a las 2 3 6 ) ;1
decir;PRT_Imperfecto;yo;decia;D-2  ( a la 1, a las 2 3 6 ) ;1
decir;Futuro;yo;diré;D-2  ( a la 1, a las 2 3 6 ) ;1
decir;Conditionnal;yo;diría;D-2  ( a la 1, a las 2 3 6 ) ;1
decir;Subj_PRES;yo;diga;D-2  ( a la 1, a las 2 3 6 ) ;1
decir;Subj_IMP_1;yo;dijera;D-2  ( a la 1, a las 2 3 6 ) ;1
decir;Present;tu;dices;D-2  ( a la 1, a las 2 3 6 ) ;1
decir;PRT_Indefinido;tu;dijiste;D-2  ( a la 1, a las 2 3 6 ) ;1
decir;PRT_Imperfecto;tu;decias;D-2  ( a la 1, a las 2 3 6 ) ;1
decir;Futuro;tu;dirás;D-2  ( a la 1, a las 2 3 6 ) ;1
decir;Conditionnal;tu;dirías;D-2  ( a la 1, a las 2 3 6 ) ;1
decir;Subj_PRES;tu;digas;D-2  ( a la 1, a las 2 3 6 ) ;1
decir;Subj_IMP_1;tu;dijeras;D-2  ( a la 1, a las 2 3 6 ) ;1
decir;Present;el;dice ;D-2  ( a la 1, a las 2 3 6 ) ;1
decir;PRT_Indefinido;el;dijo;D-2  ( a la 1, a las 2 3 6 ) ;1
decir;PRT_Imperfecto;el;decia;D-2  ( a la 1, a las 2 3 6 ) ;1
decir;Futuro;el;dirá;D-2  ( a la 1, a las 2 3 6 ) ;1
decir;Conditionnal;el;diría;D-2  ( a la 1, a las 2 3 6 ) ;1
decir;Subj_PRES;el;diga;D-2  ( a la 1, a las 2 3 6 ) ;1
decir;Subj_IMP_1;el;dijera;D-2  ( a la 1, a las 2 3 6 ) ;1
decir;Present;nosotros;decimos;D-2  ( a la 1, a las 2 3 6 ) ;1
decir;PRT_Indefinido;nosotros;dijimos;D-2  ( a la 1, a las 2 3 6 ) ;1
decir;PRT_Imperfecto;nosotros;deciamos;D-2  ( a la 1, a las 2 3 6 ) ;1
decir;Futuro;nosotros;diremos;D-2  ( a la 1, a las 2 3 6 ) ;1
decir;Conditionnal;nosotros;diríamos;D-2  ( a la 1, a las 2 3 6 ) ;1
decir;Subj_PRES;nosotros;digamos;D-2  ( a la 1, a las 2 3 6 ) ;1
decir;Subj_IMP_1;nosotros;dijéramos;D-2  ( a la 1, a las 2 3 6 ) ;1
decir;Present;vosotros;decis;D-2  ( a la 1, a las 2 3 6 ) ;1
decir;PRT_Indefinido;vosotros;dijisteis;D-2  ( a la 1, a las 2 3 6 ) ;1
decir;PRT_Imperfecto;vosotros;deciais;D-2  ( a la 1, a las 2 3 6 ) ;1
decir;Futuro;vosotros;diréis;D-2  ( a la 1, a las 2 3 6 ) ;1
decir;Conditionnal;vosotros;diríais;D-2  ( a la 1, a las 2 3 6 ) ;1
decir;Subj_PRES;vosotros;digáis;D-2  ( a la 1, a las 2 3 6 ) ;1
decir;Subj_IMP_1;vosotros;dijerais;D-2  ( a la 1, a las 2 3 6 ) ;1
decir;Present;ellos;dicen;D-2  ( a la 1, a las 2 3 6 ) ;1
decir;PRT_Indefinido;ellos;dijeron;D-2  ( a la 1, a las 2 3 6 ) ;1
decir;PRT_Imperfecto;ellos;decian;D-2  ( a la 1, a las 2 3 6 ) ;1
decir;Futuro;ellos;dirán;D-2  ( a la 1, a las 2 3 6 ) ;1
decir;Conditionnal;ellos;dirían;D-2  ( a la 1, a las 2 3 6 ) ;1
decir;Subj_PRES;ellos;digan;D-2  ( a la 1, a las 2 3 6 ) ;1
decir;Subj_IMP_1;ellos;dijeran;D-2  ( a la 1, a las 2 3 6 ) ;1
estar;Present;yo;estoy;Basico;1
estar;PRT_Indefinido;yo;estuve;Basico;1
estar;PRT_Imperfecto;yo;estaba ;Basico;0
estar;Futuro;yo;estaré;Basico;0
estar;Conditionnal;yo;estaría;Basico;0
estar;Subj_PRES;yo;esté;Basico;1
estar;Subj_IMP_1;yo;estuviera;Basico;1
estar;Present;tu;estás;Basico;1
estar;PRT_Indefinido;tu;estuviste;Basico;1
estar;PRT_Imperfecto;tu;estabas ;Basico;0
estar;Futuro;tu;estarás ;Basico;0
estar;Conditionnal;tu;estarías ;Basico;0
estar;Subj_PRES;tu;estés;Basico;1
estar;Subj_IMP_1;tu;estuvieras;Basico;1
estar;Present;el;está;Basico;1
estar;PRT_Indefinido;el;estuvo;Basico;1
estar;PRT_Imperfecto;el;estaba ;Basico;0
estar;Futuro;el;estará;Basico;0
estar;Conditionnal;el;estaría;Basico;0
estar;Subj_PRES;el;esté;Basico;1
estar;Subj_IMP_1;el;estuviera;Basico;1
estar;Present;nosotros;estamos;Basico;0
estar;PRT_Indefinido;nosotros;estuvimos;Basico;1
estar;PRT_Imperfecto;nosotros;estabamos ;Basico;0
estar;Futuro;nosotros;estaremos;Basico;0
estar;Conditionnal;nosotros;estaríamos;Basico;0
estar;Subj_PRES;nosotros;estemos;Basico;1
estar;Subj_IMP_1;nosotros;estuviéramos;Basico;1
estar;Present;vosotros;estáis;Basico;0
estar;PRT_Indefinido;vosotros;estuvisteis;Basico;1
estar;PRT_Imperfecto;vosotros;estabais;Basico;0
estar;Futuro;vosotros;estaréis ;Basico;0
estar;Conditionnal;vosotros;estaríaís ;Basico;0
estar;Subj_PRES;vosotros;estéis;Basico;1
estar;Subj_IMP_1;vosotros;estuvierais;Basico;1
estar;Present;ellos;están;Basico;1
estar;PRT_Indefinido;ellos;estuvieron;Basico;1
estar;PRT_Imperfecto;ellos;estaban;Basico;0
estar;Futuro;ellos;estarán;Basico;0
estar;Conditionnal;ellos;estarían;Basico;0
estar;Subj_PRES;ellos;estén;Basico;1
estar;Subj_IMP_1;ellos;estuvieran;Basico;1
haber;Present;yo;he;Basico;1
haber;PRT_Indefinido;yo;hube;Basico;1
haber;PRT_Imperfecto;yo;había;Basico;1
haber;Futuro;yo;habré;Basico;1
haber;Conditionnal;yo;habría;Basico;1
haber;Subj_PRES;yo;haya;Basico;1
haber;Subj_IMP_1;yo;hubiera;Basico;1
haber;Present;tu;has;Basico;1
haber;PRT_Indefinido;tu;hubiste;Basico;1
haber;PRT_Imperfecto;tu;habías;Basico;1
haber;Futuro;tu;habras;Basico;1
haber;Conditionnal;tu;habrías;Basico;1
haber;Subj_PRES;tu;hayas;Basico;1
haber;Subj_IMP_1;tu;hubieras;Basico;1
haber;Present;el;ha ;Basico;1
haber;PRT_Indefinido;el;hubo;Basico;1
haber;PRT_Imperfecto;el;había;Basico;1
haber;Futuro;el;habra;Basico;1
haber;Conditionnal;el;habría;Basico;1
haber;Subj_PRES;el;haya;Basico;1
haber;Subj_IMP_1;el;hubiera;Basico;1
haber;Present;nosotros;hemos;Basico;1
haber;PRT_Indefinido;nosotros;hubimos;Basico;1
haber;PRT_Imperfecto;nosotros;habíamos;Basico;1
haber;Futuro;nosotros;habremos;Basico;1
haber;Conditionnal;nosotros;habríamos;Basico;1
haber;Subj_PRES;nosotros;hayamos;Basico;1
haber;Subj_IMP_1;nosotros;hubiéramos;Basico;1
haber;Present;vosotros;habéis;Basico;1
haber;PRT_Indefinido;vosotros;hubisteis;Basico;1
haber;PRT_Imperfecto;vosotros;habíais;Basico;1
haber;Futuro;vosotros;habréis;Basico;1
haber;Conditionnal;vosotros;habríais;Basico;1
haber;Subj_PRES;vosotros;hayáis;Basico;1
haber;Subj_IMP_1;vosotros;hubierais;Basico;1
haber;Present;ellos;han;Basico;1
haber;PRT_Indefinido;ellos;hubieron;Basico;1
haber;PRT_Imperfecto;ellos;habían;Basico;1
haber;Futuro;ellos;habran;Basico;1
haber;Conditionnal;ellos;habrían;Basico;1
haber;Subj_PRES;ellos;hayan;Basico;1
haber;Subj_IMP_1;ellos;hubieran;Basico;1
jugar;Present;yo;juego;B-cambio a las 1 2 3 6 ;1
jugar;PRT_Indefinido;yo;jugué;B-cambio a las 1 2 3 6 ;1
jugar;PRT_Imperfecto;yo;jugaba ;B-cambio a las 1 2 3 6 ;0
jugar;Futuro;yo;jugaré;B-cambio a las 1 2 3 6 ;0
jugar;Conditionnal;yo;jugaría;B-cambio a las 1 2 3 6 ;0
jugar;Subj_PRES;yo;juegue;B-cambio a las 1 2 3 6 ;1
jugar;Subj_IMP_1;yo;jugara;B-cambio a las 1 2 3 6 ;0
jugar;Present;tu;juegas;B-cambio a las 1 2 3 6 ;1
jugar;PRT_Indefinido;tu;jugaste ;B-cambio a las 1 2 3 6 ;0
jugar;PRT_Imperfecto;tu;jugabas ;B-cambio a las 1 2 3 6 ;0
jugar;Futuro;tu;jugarás ;B-cambio a las 1 2 3 6 ;0
jugar;Conditionnal;tu;jugarías ;B-cambio a las 1 2 3 6 ;0
jugar;Subj_PRES;tu;juegues;B-cambio a las 1 2 3 6 ;1
jugar;Subj_IMP_1;tu;jugaras;B-cambio a las 1 2 3 6 ;0
jugar;Present;el;juega;B-cambio a las 1 2 3 6 ;1
jugar;PRT_Indefinido;el;jugó;B-cambio a las 1 2 3 6 ;0
jugar;PRT_Imperfecto;el;jugaba ;B-cambio a las 1 2 3 6 ;0
jugar;Futuro;el;jugará;B-cambio a las 1 2 3 6 ;0
jugar;Conditionnal;el;jugaría;B-cambio a las 1 2 3 6 ;0
jugar;Subj_PRES;el;juegue;B-cambio a las 1 2 3 6 ;1
jugar;Subj_IMP_1;el;jugara;B-cambio a las 1 2 3 6 ;0
jugar;Present;nosotros;jugamos;B-cambio a las 1 2 3 6 ;0
jugar;PRT_Indefinido;nosotros;jugamos;B-cambio a las 1 2 3 6 ;0
jugar;PRT_Imperfecto;nosotros;jugabamos ;B-cambio a las 1 2 3 6 ;0
jugar;Futuro;nosotros;jugaremos;B-cambio a las 1 2 3 6 ;0
jugar;Conditionnal;nosotros;jugaríamos;B-cambio a las 1 2 3 6 ;0
jugar;Subj_PRES;nosotros;juguemos;B-cambio a las 1 2 3 6 ;1
jugar;Subj_IMP_1;nosotros;jugáros;B-cambio a las 1 2 3 6 ;0
jugar;Present;vosotros;jugáis;B-cambio a las 1 2 3 6 ;0
jugar;PRT_Indefinido;vosotros;jugasteis;B-cambio a las 1 2 3 6 ;0
jugar;PRT_Imperfecto;vosotros;jugabais;B-cambio a las 1 2 3 6 ;0
jugar;Futuro;vosotros;jugaréis ;B-cambio a las 1 2 3 6 ;0
jugar;Conditionnal;vosotros;jugaríaís ;B-cambio a las 1 2 3 6 ;0
jugar;Subj_PRES;vosotros;juguéis;B-cambio a las 1 2 3 6 ;1
jugar;Subj_IMP_1;vosotros;jugarais;B-cambio a las 1 2 3 6 ;0
jugar;Present;ellos;juegan;B-cambio a las 1 2 3 6 ;1
jugar;PRT_Indefinido;ellos;jugaron;B-cambio a las 1 2 3 6 ;0
jugar;PRT_Imperfecto;ellos;jugaban;B-cambio a las 1 2 3 6 ;0
jugar;Futuro;ellos;jugarán;B-cambio a las 1 2 3 6 ;0
jugar;Conditionnal;ellos;jugarían;B-cambio a las 1 2 3 6 ;0
jugar;Subj_PRES;ellos;jueguen;B-cambio a las 1 2 3 6 ;1
jugar;Subj_IMP_1;ellos;jugaran;B-cambio a las 1 2 3 6 ;0
leer;Present;yo;leo;F-cambio al preterito;0
leer;PRT_Indefinido;yo;leí;F-cambio al preterito;1
leer;PRT_Imperfecto;yo;leia;F-cambio al preterito;0
leer;Futuro;yo;leeré;F-cambio al preterito;1
leer;Conditionnal;yo;leería;F-cambio al preterito;0
leer;Subj_PRES;yo;lea;F-cambio al preterito;0
leer;Subj_IMP_1;yo;leyera;F-cambio al preterito;1
leer;Present;tu;lees;F-cambio al preterito;0
leer;PRT_Indefinido;tu;leíste;F-cambio al preterito;1
leer;PRT_Imperfecto;tu;leias ;F-cambio al preterito;0
leer;Futuro;tu;leerás;F-cambio al preterito;1
leer;Conditionnal;tu;leerías;F-cambio al preterito;0
leer;Subj_PRES;tu;leas;F-cambio al preterito;0
leer;Subj_IMP_1;tu;leyeras;F-cambio al preterito;1
leer;Present;el;lee ;F-cambio al preterito;0
leer;PRT_Indefinido;el;leyó;F-cambio al preterito;1
leer;PRT_Imperfecto;el;leia;F-cambio al preterito;0
leer;Futuro;el;leerá;F-cambio al preterito;1
leer;Conditionnal;el;leería;F-cambio al preterito;0
leer;Subj_PRES;el;lea;F-cambio al preterito;0
leer;Subj_IMP_1;el;leyera;F-cambio al preterito;1
leer;Present;nosotros;leemos ;F-cambio al preterito;0
leer;PRT_Indefinido;nosotros;leímos;F-cambio al preterito;1
leer;PRT_Imperfecto;nosotros;leiamos;F-cambio al preterito;0
leer;Futuro;nosotros;leeremos;F-cambio al preterito;1
leer;Conditionnal;nosotros;leeríamos;F-cambio al preterito;0
leer;Subj_PRES;nosotros;leamos;F-cambio al preterito;0
leer;Subj_IMP_1;nosotros;leyéramos;F-cambio al preterito;1
leer;Present;vosotros;leéis;F-cambio al preterito;0
leer;PRT_Indefinido;vosotros;leísteis;F-cambio al preterito;1
leer;PRT_Imperfecto;vosotros;leiais;F-cambio al preterito;0
leer;Futuro;vosotros;leeréis;F-cambio al preterito;1
leer;Conditionnal;vosotros;leeríais;F-cambio al preterito;0
leer;Subj_PRES;vosotros;leáis;F-cambio al preterito;0
leer;Subj_IMP_1;vosotros;leyerais;F-cambio al preterito;1
leer;Present;ellos;leen;F-cambio al preterito;0
leer;PRT_Indefinido;ellos;leyeron;F-cambio al preterito;1
leer;PRT_Imperfecto;ellos;leian;F-cambio al preterito;0
leer;Futuro;ellos;leerán;F-cambio al preterito;1
leer;Conditionnal;ellos;leerían;F-cambio al preterito;0
leer;Subj_PRES;ellos;lean;F-cambio al preterito;0
leer;Subj_IMP_1;ellos;leyerann;F-cambio al preterito;1
mover;Present;yo;muevo;B-cambio a las 1 2 3 6 ;1
mover;PRT_Indefinido;yo;moví;B-cambio a las 1 2 3 6 ;0
mover;PRT_Imperfecto;yo;movia;B-cambio a las 1 2 3 6 ;0
mover;Futuro;yo;movere;B-cambio a las 1 2 3 6 ;0
mover;Conditionnal;yo;movería;B-cambio a las 1 2 3 6 ;0
mover;Subj_PRES;yo;mova;B-cambio a las 1 2 3 6 ;0
mover;Subj_IMP_1;yo;leyeras;B-cambio a las 1 2 3 6 ;1
mover;Present;tu;mueves;B-cambio a las 1 2 3 6 ;1
mover;PRT_Indefinido;tu;moviste;B-cambio a las 1 2 3 6 ;0
mover;PRT_Imperfecto;tu;movias ;B-cambio a las 1 2 3 6 ;0
mover;Futuro;tu;moveras;B-cambio a las 1 2 3 6 ;0
mover;Conditionnal;tu;moverías;B-cambio a las 1 2 3 6 ;0
mover;Subj_PRES;tu;movas;B-cambio a las 1 2 3 6 ;0
mover;Subj_IMP_1;tu;movieras;B-cambio a las 1 2 3 6 ;0
mover;Present;el;mueve ;B-cambio a las 1 2 3 6 ;1
mover;PRT_Indefinido;el;movió;B-cambio a las 1 2 3 6 ;0
mover;PRT_Imperfecto;el;movia;B-cambio a las 1 2 3 6 ;0
mover;Futuro;el;movera ;B-cambio a las 1 2 3 6 ;0
mover;Conditionnal;el;movería;B-cambio a las 1 2 3 6 ;0
mover;Subj_PRES;el;mova;B-cambio a las 1 2 3 6 ;0
mover;Subj_IMP_1;el;moviera;B-cambio a las 1 2 3 6 ;0
mover;Present;nosotros;movemos ;B-cambio a las 1 2 3 6 ;0
mover;PRT_Indefinido;nosotros;movimos;B-cambio a las 1 2 3 6 ;0
mover;PRT_Imperfecto;nosotros;moviamos;B-cambio a las 1 2 3 6 ;0
mover;Futuro;nosotros;moveremos;B-cambio a las 1 2 3 6 ;0
mover;Conditionnal;nosotros;moveríamos;B-cambio a las 1 2 3 6 ;0
mover;Subj_PRES;nosotros;movamos;B-cambio a las 1 2 3 6 ;0
mover;Subj_IMP_1;nosotros;moviéramos;B-cambio a las 1 2 3 6 ;0
mover;Present;vosotros;movéis;B-cambio a las 1 2 3 6 ;0
mover;PRT_Indefinido;vosotros;movisteis;B-cambio a las 1 2 3 6 ;0
mover;PRT_Imperfecto;vosotros;moviais;B-cambio a las 1 2 3 6 ;0
mover;Futuro;vosotros;movereis;B-cambio a las 1 2 3 6 ;0
mover;Conditionnal;vosotros;moveríais;B-cambio a las 1 2 3 6 ;0
mover;Subj_PRES;vosotros;mováis;B-cambio a las 1 2 3 6 ;0
mover;Subj_IMP_1;vosotros;movierais;B-cambio a las 1 2 3 6 ;0
mover;Present;ellos;mueven ;B-cambio a las 1 2 3 6 ;1
mover;PRT_Indefinido;ellos;movieron;B-cambio a las 1 2 3 6 ;0
mover;PRT_Imperfecto;ellos;movian;B-cambio a las 1 2 3 6 ;0
mover;Futuro;ellos;moveran;B-cambio a las 1 2 3 6 ;0
mover;Conditionnal;ellos;moverían;B-cambio a las 1 2 3 6 ;0
mover;Subj_PRES;ellos;movan;B-cambio a las 1 2 3 6 ;0
mover;Subj_IMP_1;ellos;movieran;B-cambio a las 1 2 3 6 ;0
oir;Present;yo;oigo;D-2  ( a la 1, a las 2 3 6 ) ;1
oir;PRT_Indefinido;yo;oí;D-2  ( a la 1, a las 2 3 6 ) ;0
oir;PRT_Imperfecto;yo;oía;D-2  ( a la 1, a las 2 3 6 ) ;0
oir;Futuro;yo;oiré;D-2  ( a la 1, a las 2 3 6 ) ;0
oir;Conditionnal;yo;oiría;D-2  ( a la 1, a las 2 3 6 ) ;0
oir;Subj_PRES;yo;oiga;D-2  ( a la 1, a las 2 3 6 ) ;1
oir;Subj_IMP_1;yo;oyera;D-2  ( a la 1, a las 2 3 6 ) ;1
oir;Present;tu;oyes;D-2  ( a la 1, a las 2 3 6 ) ;1
oir;PRT_Indefinido;tu;oíste;D-2  ( a la 1, a las 2 3 6 ) ;1
oir;PRT_Imperfecto;tu;oías;D-2  ( a la 1, a las 2 3 6 ) ;0
oir;Futuro;tu;oirás;D-2  ( a la 1, a las 2 3 6 ) ;0
oir;Conditionnal;tu;oirías;D-2  ( a la 1, a las 2 3 6 ) ;0
oir;Subj_PRES;tu;oigas;D-2  ( a la 1, a las 2 3 6 ) ;1
oir;Subj_IMP_1;tu;oyeras;D-2  ( a la 1, a las 2 3 6 ) ;1
oir;Present;el;oye;D-2  ( a la 1, a las 2 3 6 ) ;1
oir;PRT_Indefinido;el;oyó;D-2  ( a la 1, a las 2 3 6 ) ;1
oir;PRT_Imperfecto;el;oía;D-2  ( a la 1, a las 2 3 6 ) ;0
oir;Futuro;el;oirá;D-2  ( a la 1, a las 2 3 6 ) ;0
oir;Conditionnal;el;oiría;D-2  ( a la 1, a las 2 3 6 ) ;0
oir;Subj_PRES;el;oiga;D-2  ( a la 1, a las 2 3 6 ) ;1
oir;Subj_IMP_1;el;oyera;D-2  ( a la 1, a las 2 3 6 ) ;1
oir;Present;nosotros;oímos;D-2  ( a la 1, a las 2 3 6 ) ;1
oir;PRT_Indefinido;nosotros;oímos;D-2  ( a la 1, a las 2 3 6 ) ;1
oir;PRT_Imperfecto;nosotros;oíamos;D-2  ( a la 1, a las 2 3 6 ) ;0
oir;Futuro;nosotros;oiremos;D-2  ( a la 1, a las 2 3 6 ) ;0
oir;Conditionnal;nosotros;oiríamos;D-2  ( a la 1, a las 2 3 6 ) ;0
oir;Subj_PRES;nosotros;oigamos;D-2  ( a la 1, a las 2 3 6 ) ;1
oir;Subj_IMP_1;nosotros;oyéramos;D-2  ( a la 1, a las 2 3 6 ) ;1
oir;Present;vosotros;ois;D-2  ( a la 1, a las 2 3 6 ) ;0
oir;PRT_Indefinido;vosotros;oísteis;D-2  ( a la 1, a las 2 3 6 ) ;1
oir;PRT_Imperfecto;vosotros;oíais;D-2  ( a la 1, a las 2 3 6 ) ;0
oir;Futuro;vosotros;oiréis;D-2  ( a la 1, a las 2 3 6 ) ;0
oir;Conditionnal;vosotros;oiríais;D-2  ( a la 1, a las 2 3 6 ) ;0
oir;Subj_PRES;vosotros;oigáis;D-2  ( a la 1, a las 2 3 6 ) ;1
oir;Subj_IMP_1;vosotros;oyerais;D-2  ( a la 1, a las 2 3 6 ) ;1
oir;Present;ellos;oyen;D-2  ( a la 1, a las 2 3 6 ) ;1
oir;PRT_Indefinido;ellos;oyeron;D-2  ( a la 1, a las 2 3 6 ) ;1
oir;PRT_Imperfecto;ellos;oían;D-2  ( a la 1, a las 2 3 6 ) ;0
oir;Futuro;ellos;oirán;D-2  ( a la 1, a las 2 3 6 ) ;0
oir;Conditionnal;ellos;oirían;D-2  ( a la 1, a las 2 3 6 ) ;0
oir;Subj_PRES;ellos;oigan;D-2  ( a la 1, a las 2 3 6 ) ;1
oir;Subj_IMP_1;ellos;oyeran;D-2  ( a la 1, a las 2 3 6 ) ;1
oler;Present;yo;huelo;B-cambio a las 1 2 3 6 ;1
oler;PRT_Indefinido;yo;olí;B-cambio a las 1 2 3 6 ;0
oler;PRT_Imperfecto;yo;olia;B-cambio a las 1 2 3 6 ;0
oler;Futuro;yo;olere;B-cambio a las 1 2 3 6 ;0
oler;Conditionnal;yo;olería;B-cambio a las 1 2 3 6 ;0
oler;Subj_PRES;yo;huela;B-cambio a las 1 2 3 6 ;1
oler;Subj_IMP_1;yo;oliera;B-cambio a las 1 2 3 6 ;0
oler;Present;tu;hueles;B-cambio a las 1 2 3 6 ;1
oler;PRT_Indefinido;tu;oliste;B-cambio a las 1 2 3 6 ;0
oler;PRT_Imperfecto;tu;olias ;B-cambio a las 1 2 3 6 ;0
oler;Futuro;tu;oleras;B-cambio a las 1 2 3 6 ;0
oler;Conditionnal;tu;olerías;B-cambio a las 1 2 3 6 ;0
oler;Subj_PRES;tu;huelas;B-cambio a las 1 2 3 6 ;1
oler;Subj_IMP_1;tu;olieras;B-cambio a las 1 2 3 6 ;0
oler;Present;el;huele;B-cambio a las 1 2 3 6 ;1
oler;PRT_Indefinido;el;olió;B-cambio a las 1 2 3 6 ;0
oler;PRT_Imperfecto;el;olia;B-cambio a las 1 2 3 6 ;0
oler;Futuro;el;olera ;B-cambio a las 1 2 3 6 ;0
oler;Conditionnal;el;olería;B-cambio a las 1 2 3 6 ;0
oler;Subj_PRES;el;huela;B-cambio a las 1 2 3 6 ;1
oler;Subj_IMP_1;el;oliera;B-cambio a las 1 2 3 6 ;0
oler;Present;nosotros;olemos ;B-cambio a las 1 2 3 6 ;0
oler;PRT_Indefinido;nosotros;olimos;B-cambio a las 1 2 3 6 ;0
oler;PRT_Imperfecto;nosotros;oliamos;B-cambio a las 1 2 3 6 ;0
oler;Futuro;nosotros;oleremos;B-cambio a las 1 2 3 6 ;0
oler;Conditionnal;nosotros;oleríamos;B-cambio a las 1 2 3 6 ;0
oler;Subj_PRES;nosotros;olamos;B-cambio a las 1 2 3 6 ;0
oler;Subj_IMP_1;nosotros;oliéramos;B-cambio a las 1 2 3 6 ;0
oler;Present;vosotros;oléis;B-cambio a las 1 2 3 6 ;0
oler;PRT_Indefinido;vosotros;olisteis;B-cambio a las 1 2 3 6 ;0
oler;PRT_Imperfecto;vosotros;oliais;B-cambio a las 1 2 3 6 ;0
oler;Futuro;vosotros;olereis;B-cambio a las 1 2 3 6 ;0
oler;Conditionnal;vosotros;oleríais;B-cambio a las 1 2 3 6 ;0
oler;Subj_PRES;vosotros;oláis;B-cambio a las 1 2 3 6 ;0
oler;Subj_IMP_1;vosotros;olierais;B-cambio a las 1 2 3 6 ;0
oler;Present;ellos;huelen;B-cambio a las 1 2 3 6 ;1
oler;PRT_Indefinido;ellos;olieron;B-cambio a las 1 2 3 6 ;0
oler;PRT_Imperfecto;ellos;olian;B-cambio a las 1 2 3 6 ;0
oler;Futuro;ellos;oleran;B-cambio a las 1 2 3 6 ;0
oler;Conditionnal;ellos;olerían;B-cambio a las 1 2 3 6 ;0
oler;Subj_PRES;ellos;huelan;B-cambio a las 1 2 3 6 ;1
oler;Subj_IMP_1;ellos;olieran;B-cambio a las 1 2 3 6 ;0
ser;Present;yo;soy;Basico;1
ser;PRT_Indefinido;yo;fui;Basico;1
ser;PRT_Imperfecto;yo;era;Basico;1
ser;Futuro;yo;sere;Basico;0
ser;Conditionnal;yo;sería;Basico;0
ser;Subj_PRES;yo;sea;Basico;1
ser;Subj_IMP_1;yo;fuera;Basico;1
ser;Present;tu;eres;Basico;1
ser;PRT_Indefinido;tu;fuiste;Basico;1
ser;PRT_Imperfecto;tu;eras;Basico;1
ser;Futuro;tu;seras;Basico;0
ser;Conditionnal;tu;serías;Basico;0
ser;Subj_PRES;tu;seas;Basico;1
ser;Subj_IMP_1;tu;fueras;Basico;1
ser;Present;el;es;Basico;1
ser;PRT_Indefinido;el;fue;Basico;1
ser;PRT_Imperfecto;el;era;Basico;1
ser;Futuro;el;sera ;Basico;0
ser;Conditionnal;el;sería;Basico;0
ser;Subj_PRES;el;sea;Basico;1
ser;Subj_IMP_1;el;fuera;Basico;1
ser;Present;nosotros;somos;Basico;1
ser;PRT_Indefinido;nosotros;fuimos;Basico;1
ser;PRT_Imperfecto;nosotros;eramos;Basico;1
ser;Futuro;nosotros;seremos;Basico;0
ser;Conditionnal;nosotros;seríamos;Basico;0
ser;Subj_PRES;nosotros;seamos;Basico;1
ser;Subj_IMP_1;nosotros;fuéramos;Basico;1
ser;Present;vosotros;sois;Basico;1
ser;PRT_Indefinido;vosotros;fuisteis;Basico;1
ser;PRT_Imperfecto;vosotros;erais;Basico;1
ser;Futuro;vosotros;sereis;Basico;0
ser;Conditionnal;vosotros;seríais;Basico;0
ser;Subj_PRES;vosotros;seáis;Basico;1
ser;Subj_IMP_1;vosotros;fuerais;Basico;1
ser;Present;ellos;son;Basico;1
ser;PRT_Indefinido;ellos;fueron;Basico;1
ser;PRT_Imperfecto;ellos;eran;Basico;1
ser;Futuro;ellos;seran;Basico;0
ser;Conditionnal;ellos;serían;Basico;0
ser;Subj_PRES;ellos;sean;Basico;1
ser;Subj_IMP_1;ellos;fueran;Basico;1
tener;Present;yo;tengo;Basico;1
tener;PRT_Indefinido;yo;tuve;Basico;1
tener;PRT_Imperfecto;yo;tenia;Basico;0
tener;Futuro;yo;tendré;Basico;1
tener;Conditionnal;yo;tendría;Basico;1
tener;Subj_PRES;yo;tenga;Basico;1
tener;Subj_IMP_1;yo;tuviera;Basico;1
tener;Present;tu;tienes;Basico;1
tener;PRT_Indefinido;tu;tuviste;Basico;1
tener;PRT_Imperfecto;tu;tenias ;Basico;0
tener;Futuro;tu;tendrás;Basico;1
tener;Conditionnal;tu;tendrías;Basico;1
tener;Subj_PRES;tu;tengas;Basico;1
tener;Subj_IMP_1;tu;tuvieras;Basico;1
tener;Present;el;tiene;Basico;1
tener;PRT_Indefinido;el;tuvo;Basico;1
tener;PRT_Imperfecto;el;tenia;Basico;0
tener;Futuro;el;tendrá;Basico;1
tener;Conditionnal;el;tendría;Basico;1
tener;Subj_PRES;el;tenga;Basico;1
tener;Subj_IMP_1;el;tuviera;Basico;1
tener;Present;nosotros;tenemos ;Basico;0
tener;PRT_Indefinido;nosotros;tuvimos;Basico;1
tener;PRT_Imperfecto;nosotros;teniamos;Basico;0
tener;Futuro;nosotros;tendremos;Basico;1
tener;Conditionnal;nosotros;tendríamos;Basico;1
tener;Subj_PRES;nosotros;tengamos;Basico;1
tener;Subj_IMP_1;nosotros;tuviéramos;Basico;1
tener;Present;vosotros;tenéis;Basico;0
tener;PRT_Indefinido;vosotros;tuvisteis;Basico;1
tener;PRT_Imperfecto;vosotros;teniais;Basico;0
tener;Futuro;vosotros;tendréis;Basico;1
tener;Conditionnal;vosotros;tendríais;Basico;1
tener;Subj_PRES;vosotros;tengáis;Basico;1
tener;Subj_IMP_1;vosotros;tuvierais;Basico;1
tener;Present;ellos;tienen;Basico;1
tener;PRT_Indefinido;ellos;tuvieron;Basico;1
tener;PRT_Imperfecto;ellos;tenian;Basico;0
tener;Futuro;ellos;tendrán;Basico;1
tener;Conditionnal;ellos;tendrían;Basico;1
tener;Subj_PRES;ellos;tengan;Basico;1
tener;Subj_IMP_1;ellos;tuvieran;Basico;1
vivir;Present;yo;vivo;Regular;0
vivir;PRT_Indefinido;yo;viví;Regular;0
vivir;PRT_Imperfecto;yo;vivía;Regular;0
vivir;Futuro;yo;viviré;Regular;0
vivir;Conditionnal;yo;viviría;Regular;0
vivir;Subj_PRES;yo;viva;Regular;0
vivir;Subj_IMP_1;yo;viviera;Regular;0
vivir;Present;tu;vives;Regular;0
vivir;PRT_Indefinido;tu;viviste;Regular;0
vivir;PRT_Imperfecto;tu;vivías;Regular;0
vivir;Futuro;tu;vivirás;Regular;0
vivir;Conditionnal;tu;vivirías;Regular;0
vivir;Subj_PRES;tu;vivas;Regular;0
vivir;Subj_IMP_1;tu;vivieras;Regular;0
vivir;Present;el;vive ;Regular;0
vivir;PRT_Indefinido;el;vivió;Regular;0
vivir;PRT_Imperfecto;el;vivía;Regular;0
vivir;Futuro;el;vivirá;Regular;0
vivir;Conditionnal;el;viviría;Regular;0
vivir;Subj_PRES;el;viva;Regular;0
vivir;Subj_IMP_1;el;viviera;Regular;0
vivir;Present;nosotros;vivimos;Regular;0
vivir;PRT_Indefinido;nosotros;vivimos;Regular;0
vivir;PRT_Imperfecto;nosotros;vivíamos;Regular;0
vivir;Futuro;nosotros;viviremos;Regular;0
vivir;Conditionnal;nosotros;viviríamos;Regular;0
vivir;Subj_PRES;nosotros;vivamos;Regular;0
vivir;Subj_IMP_1;nosotros;viviéramos;Regular;0
vivir;Present;vosotros;vivis;Regular;0
vivir;PRT_Indefinido;vosotros;vivisteis;Regular;0
vivir;PRT_Imperfecto;vosotros;vivíais;Regular;0
vivir;Futuro;vosotros;viviréis;Regular;0
vivir;Conditionnal;vosotros;viviríais;Regular;0
vivir;Subj_PRES;vosotros;viváis;Regular;0
vivir;Subj_IMP_1;vosotros;vivierais;Regular;0
vivir;Present;ellos;viven;Regular;0
vivir;PRT_Indefinido;ellos;vivieron;Regular;0
vivir;PRT_Imperfecto;ellos;vivían;Regular;0
vivir;Futuro;ellos;vivirán;Regular;0
vivir;Conditionnal;ellos;vivirían;Regular;0
vivir;Subj_PRES;ellos;vivan;Regular;0
vivir;Subj_IMP_1;ellos;vivieran;Regular;0
saber;Present;yo;se;C-cambio a la 1 ;1
saber;PRT_Indefinido;yo;supe;C-cambio a la 1 ;1
saber;PRT_Imperfecto;yo;sabia;C-cambio a la 1 ;0
saber;Futuro;yo;sabré;C-cambio a la 1 ;1
saber;Conditionnal;yo;sabría;C-cambio a la 1 ;1
saber;Subj_PRES;yo;sepa;C-cambio a la 1 ;1
saber;Subj_IMP_1;yo;supiera;C-cambio a la 1 ;1
saber;Present;tu;sabes;C-cambio a la 1 ;0
saber;PRT_Indefinido;tu;supiste;C-cambio a la 1 ;1
saber;PRT_Imperfecto;tu;sabias ;C-cambio a la 1 ;0
saber;Futuro;tu;sabrás;C-cambio a la 1 ;1
saber;Conditionnal;tu;sabrías;C-cambio a la 1 ;1
saber;Subj_PRES;tu;sepas;C-cambio a la 1 ;1
saber;Subj_IMP_1;tu;supieras;C-cambio a la 1 ;1
saber;Present;el;sabe ;C-cambio a la 1 ;0
saber;PRT_Indefinido;el;supo;C-cambio a la 1 ;1
saber;PRT_Imperfecto;el;sabia;C-cambio a la 1 ;0
saber;Futuro;el;sabrá;C-cambio a la 1 ;1
saber;Conditionnal;el;sabría;C-cambio a la 1 ;1
saber;Subj_PRES;el;sepa;C-cambio a la 1 ;1
saber;Subj_IMP_1;el;supiera;C-cambio a la 1 ;1
saber;Present;nosotros;sabemos ;C-cambio a la 1 ;0
saber;PRT_Indefinido;nosotros;supimos;C-cambio a la 1 ;1
saber;PRT_Imperfecto;nosotros;sabiamos;C-cambio a la 1 ;0
saber;Futuro;nosotros;sabremos;C-cambio a la 1 ;1
saber;Conditionnal;nosotros;sabríamos;C-cambio a la 1 ;1
saber;Subj_PRES;nosotros;sepamos;C-cambio a la 1 ;1
saber;Subj_IMP_1;nosotros;supiéramos;C-cambio a la 1 ;1
saber;Present;vosotros;sabéis;C-cambio a la 1 ;0
saber;PRT_Indefinido;vosotros;supisteis;C-cambio a la 1 ;1
saber;PRT_Imperfecto;vosotros;sabiais;C-cambio a la 1 ;0
saber;Futuro;vosotros;sabréis;C-cambio a la 1 ;1
saber;Conditionnal;vosotros;sabríais;C-cambio a la 1 ;1
saber;Subj_PRES;vosotros;sepáis;C-cambio a la 1 ;1
saber;Subj_IMP_1;vosotros;supierais;C-cambio a la 1 ;1
saber;Present;ellos;saben;C-cambio a la 1 ;0
saber;PRT_Indefinido;ellos;supieron;C-cambio a la 1 ;1
saber;PRT_Imperfecto;ellos;sabian;C-cambio a la 1 ;0
saber;Futuro;ellos;sabrán;C-cambio a la 1 ;1
saber;Conditionnal;ellos;sabrían;C-cambio a la 1 ;1
saber;Subj_PRES;ellos;sepan;C-cambio a la 1 ;1
saber;Subj_IMP_1;ellos;supieran;C-cambio a la 1 ;1
ir;Present;yo;voy;A-Unico;1
ir;PRT_Indefinido;yo;fui;A-Unico;1
ir;PRT_Imperfecto;yo;iba;A-Unico;1
ir;Futuro;yo;iré;A-Unico;1
ir;Conditionnal;yo;iría;A-Unico;1
ir;Subj_PRES;yo;a;A-Unico;0
ir;Subj_IMP_1;yo;iera;A-Unico;0
ir;Present;tu;vas;A-Unico;1
ir;PRT_Indefinido;tu;fuiste;A-Unico;1
ir;PRT_Imperfecto;tu;ibas;A-Unico;1
ir;Futuro;tu;irás;A-Unico;1
ir;Conditionnal;tu;irías;A-Unico;1
ir;Subj_PRES;tu;as;A-Unico;0
ir;Subj_IMP_1;tu;ieras;A-Unico;0
ir;Present;el;va;A-Unico;1
ir;PRT_Indefinido;el;fue;A-Unico;1
ir;PRT_Imperfecto;el;iba;A-Unico;1
ir;Futuro;el;irá;A-Unico;1
ir;Conditionnal;el;iría;A-Unico;1
ir;Subj_PRES;el;a;A-Unico;0
ir;Subj_IMP_1;el;iera;A-Unico;0
ir;Present;nosotros;vamos;A-Unico;1
ir;PRT_Indefinido;nosotros;fuimos;A-Unico;1
ir;PRT_Imperfecto;nosotros;íbamos;A-Unico;1
ir;Futuro;nosotros;iremos;A-Unico;1
ir;Conditionnal;nosotros;iríamos;A-Unico;1
ir;Subj_PRES;nosotros;amos;A-Unico;0
ir;Subj_IMP_1;nosotros;iéramos;A-Unico;0
ir;Present;vosotros;vais;A-Unico;1
ir;PRT_Indefinido;vosotros;fuisteis;A-Unico;1
ir;PRT_Imperfecto;vosotros;ibais;A-Unico;1
ir;Futuro;vosotros;iréis;A-Unico;1
ir;Conditionnal;vosotros;iríais;A-Unico;1
ir;Subj_PRES;vosotros;áis;A-Unico;0
ir;Subj_IMP_1;vosotros;ierais;A-Unico;0
ir;Present;ellos;van;A-Unico;1
ir;PRT_Indefinido;ellos;fueron;A-Unico;1
ir;PRT_Imperfecto;ellos;iban;A-Unico;1
ir;Futuro;ellos;irán;A-Unico;1
ir;Conditionnal;ellos;irían;A-Unico;1
ir;Subj_PRES;ellos;an;A-Unico;0
ir;Subj_IMP_1;ellos;ieran;A-Unico;0
poder;Present;yo;puedo;B-cambio a las 1 2 3 6 ;1
poder;PRT_Indefinido;yo;pude;B-cambio a las 1 2 3 6 ;1
poder;PRT_Imperfecto;yo;podia;B-cambio a las 1 2 3 6 ;0
poder;Futuro;yo;podré;B-cambio a las 1 2 3 6 ;1
poder;Conditionnal;yo;podría;B-cambio a las 1 2 3 6 ;1
poder;Subj_PRES;yo;pueda;B-cambio a las 1 2 3 6 ;1
poder;Subj_IMP_1;yo;pudiera;B-cambio a las 1 2 3 6 ;1
poder;Present;tu;puedes ;B-cambio a las 1 2 3 6 ;1
poder;PRT_Indefinido;tu;pudiste;B-cambio a las 1 2 3 6 ;1
poder;PRT_Imperfecto;tu;podias ;B-cambio a las 1 2 3 6 ;0
poder;Futuro;tu;podres;B-cambio a las 1 2 3 6 ;1
poder;Conditionnal;tu;podrías;B-cambio a las 1 2 3 6 ;1
poder;Subj_PRES;tu;puedas;B-cambio a las 1 2 3 6 ;1
poder;Subj_IMP_1;tu;pudieras;B-cambio a las 1 2 3 6 ;1
poder;Present;el;puede;B-cambio a las 1 2 3 6 ;1
poder;PRT_Indefinido;el;pudo;B-cambio a las 1 2 3 6 ;1
poder;PRT_Imperfecto;el;podia;B-cambio a las 1 2 3 6 ;0
poder;Futuro;el;podre;B-cambio a las 1 2 3 6 ;1
poder;Conditionnal;el;podría;B-cambio a las 1 2 3 6 ;1
poder;Subj_PRES;el;pueda;B-cambio a las 1 2 3 6 ;1
poder;Subj_IMP_1;el;pudiera;B-cambio a las 1 2 3 6 ;1
poder;Present;nosotros;podemos;B-cambio a las 1 2 3 6 ;1
poder;PRT_Indefinido;nosotros;pudimos;B-cambio a las 1 2 3 6 ;1
poder;PRT_Imperfecto;nosotros;podiamos;B-cambio a las 1 2 3 6 ;0
poder;Futuro;nosotros;podremos;B-cambio a las 1 2 3 6 ;1
poder;Conditionnal;nosotros;podríamos;B-cambio a las 1 2 3 6 ;1
poder;Subj_PRES;nosotros;podamos;B-cambio a las 1 2 3 6 ;1
poder;Subj_IMP_1;nosotros;pudiéramos;B-cambio a las 1 2 3 6 ;1
poder;Present;vosotros;podéis;B-cambio a las 1 2 3 6 ;1
poder;PRT_Indefinido;vosotros;pudisteis;B-cambio a las 1 2 3 6 ;1
poder;PRT_Imperfecto;vosotros;podiais;B-cambio a las 1 2 3 6 ;0
poder;Futuro;vosotros;podreis;B-cambio a las 1 2 3 6 ;1
poder;Conditionnal;vosotros;podríais;B-cambio a las 1 2 3 6 ;1
poder;Subj_PRES;vosotros;podáis;B-cambio a las 1 2 3 6 ;1
poder;Subj_IMP_1;vosotros;pudierais;B-cambio a las 1 2 3 6 ;1
poder;Present;ellos;pueden;B-cambio a las 1 2 3 6 ;1
poder;PRT_Indefinido;ellos;pudieron;B-cambio a las 1 2 3 6 ;1
poder;PRT_Imperfecto;ellos;podian;B-cambio a las 1 2 3 6 ;0
poder;Futuro;ellos;prodràn;B-cambio a las 1 2 3 6 ;1
poder;Conditionnal;ellos;podrían;B-cambio a las 1 2 3 6 ;1
poder;Subj_PRES;ellos;puedan;B-cambio a las 1 2 3 6 ;1
poder;Subj_IMP_1;ellos;pudieran;B-cambio a las 1 2 3 6 ;1
venir;Present;yo;vengo;D-2  ( a la 1, a las 2 3 6 ) ;1
venir;PRT_Indefinido;yo;vine;D-2  ( a la 1, a las 2 3 6 ) ;1
venir;PRT_Imperfecto;yo;venía;D-2  ( a la 1, a las 2 3 6 ) ;1
venir;Futuro;yo;vendré;D-2  ( a la 1, a las 2 3 6 ) ;1
venir;Conditionnal;yo;vendría;D-2  ( a la 1, a las 2 3 6 ) ;1
venir;Subj_PRES;yo;venga;D-2  ( a la 1, a las 2 3 6 ) ;1
venir;Subj_IMP_1;yo;viniera;D-2  ( a la 1, a las 2 3 6 ) ;1
venir;Present;tu;vienes;D-2  ( a la 1, a las 2 3 6 ) ;1
venir;PRT_Indefinido;tu;viniste;D-2  ( a la 1, a las 2 3 6 ) ;1
venir;PRT_Imperfecto;tu;venías;D-2  ( a la 1, a las 2 3 6 ) ;1
venir;Futuro;tu;vendrás;D-2  ( a la 1, a las 2 3 6 ) ;1
venir;Conditionnal;tu;vendrías;D-2  ( a la 1, a las 2 3 6 ) ;1
venir;Subj_PRES;tu;vengas;D-2  ( a la 1, a las 2 3 6 ) ;1
venir;Subj_IMP_1;tu;vinieras;D-2  ( a la 1, a las 2 3 6 ) ;1
venir;Present;el;viene;D-2  ( a la 1, a las 2 3 6 ) ;1
venir;PRT_Indefinido;el;vino;D-2  ( a la 1, a las 2 3 6 ) ;1
venir;PRT_Imperfecto;el;venía;D-2  ( a la 1, a las 2 3 6 ) ;1
venir;Futuro;el;vendrá;D-2  ( a la 1, a las 2 3 6 ) ;1
venir;Conditionnal;el;vendría;D-2  ( a la 1, a las 2 3 6 ) ;1
venir;Subj_PRES;el;venga;D-2  ( a la 1, a las 2 3 6 ) ;1
venir;Subj_IMP_1;el;viniera;D-2  ( a la 1, a las 2 3 6 ) ;1
venir;Present;nosotros;venimos;D-2  ( a la 1, a las 2 3 6 ) ;1
venir;PRT_Indefinido;nosotros;vinimos;D-2  ( a la 1, a las 2 3 6 ) ;1
venir;PRT_Imperfecto;nosotros;veníamos;D-2  ( a la 1, a las 2 3 6 ) ;1
venir;Futuro;nosotros;vendremos;D-2  ( a la 1, a las 2 3 6 ) ;1
venir;Conditionnal;nosotros;vendríamos;D-2  ( a la 1, a las 2 3 6 ) ;1
venir;Subj_PRES;nosotros;vengamos;D-2  ( a la 1, a las 2 3 6 ) ;1
venir;Subj_IMP_1;nosotros;viniéramos;D-2  ( a la 1, a las 2 3 6 ) ;1
venir;Present;vosotros;venís;D-2  ( a la 1, a las 2 3 6 ) ;1
venir;PRT_Indefinido;vosotros;vinisteis;D-2  ( a la 1, a las 2 3 6 ) ;1
venir;PRT_Imperfecto;vosotros;veníais;D-2  ( a la 1, a las 2 3 6 ) ;1
venir;Futuro;vosotros;vendréis;D-2  ( a la 1, a las 2 3 6 ) ;1
venir;Conditionnal;vosotros;vendríais;D-2  ( a la 1, a las 2 3 6 ) ;1
venir;Subj_PRES;vosotros;vengáis;D-2  ( a la 1, a las 2 3 6 ) ;1
venir;Subj_IMP_1;vosotros;vinierais;D-2  ( a la 1, a las 2 3 6 ) ;1
venir;Present;ellos;vienen;D-2  ( a la 1, a las 2 3 6 ) ;1
venir;PRT_Indefinido;ellos;vinieron;D-2  ( a la 1, a las 2 3 6 ) ;1
venir;PRT_Imperfecto;ellos;venían;D-2  ( a la 1, a las 2 3 6 ) ;1
venir;Futuro;ellos;vendrán;D-2  ( a la 1, a las 2 3 6 ) ;1
venir;Conditionnal;ellos;vendrían;D-2  ( a la 1, a las 2 3 6 ) ;1
venir;Subj_PRES;ellos;vengan;D-2  ( a la 1, a las 2 3 6 ) ;1
venir;Subj_IMP_1;ellos;vinieran;D-2  ( a la 1, a las 2 3 6 ) ;1
pedir;Present;yo;pido;B-cambio a las 1 2 3 6 ;1
pedir;PRT_Indefinido;yo;pedí;B-cambio a las 1 2 3 6 ;1
pedir;PRT_Imperfecto;yo;pedía;B-cambio a las 1 2 3 6 ;1
pedir;Futuro;yo;pediré;B-cambio a las 1 2 3 6 ;1
pedir;Conditionnal;yo;pediría;B-cambio a las 1 2 3 6 ;1
pedir;Subj_PRES;yo;peda;B-cambio a las 1 2 3 6 ;0
pedir;Subj_IMP_1;yo;pediera;B-cambio a las 1 2 3 6 ;0
pedir;Present;tu;pides;B-cambio a las 1 2 3 6 ;1
pedir;PRT_Indefinido;tu;pediste;B-cambio a las 1 2 3 6 ;1
pedir;PRT_Imperfecto;tu;pedías;B-cambio a las 1 2 3 6 ;1
pedir;Futuro;tu;pedirás;B-cambio a las 1 2 3 6 ;1
pedir;Conditionnal;tu;pedirías;B-cambio a las 1 2 3 6 ;1
pedir;Subj_PRES;tu;pedas;B-cambio a las 1 2 3 6 ;0
pedir;Subj_IMP_1;tu;pedieras;B-cambio a las 1 2 3 6 ;0
pedir;Present;el;pide;B-cambio a las 1 2 3 6 ;1
pedir;PRT_Indefinido;el;pidió;B-cambio a las 1 2 3 6 ;1
pedir;PRT_Imperfecto;el;pedía;B-cambio a las 1 2 3 6 ;1
pedir;Futuro;el;pedirá;B-cambio a las 1 2 3 6 ;1
pedir;Conditionnal;el;pediría;B-cambio a las 1 2 3 6 ;1
pedir;Subj_PRES;el;peda;B-cambio a las 1 2 3 6 ;0
pedir;Subj_IMP_1;el;pediera;B-cambio a las 1 2 3 6 ;0
pedir;Present;nosotros;pedimos;B-cambio a las 1 2 3 6 ;0
pedir;PRT_Indefinido;nosotros;pedimos;B-cambio a las 1 2 3 6 ;1
pedir;PRT_Imperfecto;nosotros;pedíamos;B-cambio a las 1 2 3 6 ;1
pedir;Futuro;nosotros;pediremos;B-cambio a las 1 2 3 6 ;1
pedir;Conditionnal;nosotros;pediríamos;B-cambio a las 1 2 3 6 ;1
pedir;Subj_PRES;nosotros;pedamos;B-cambio a las 1 2 3 6 ;0
pedir;Subj_IMP_1;nosotros;pediéramos;B-cambio a las 1 2 3 6 ;0
pedir;Present;vosotros;pedis;B-cambio a las 1 2 3 6 ;0
pedir;PRT_Indefinido;vosotros;pedisteis;B-cambio a las 1 2 3 6 ;1
pedir;PRT_Imperfecto;vosotros;pedíais;B-cambio a las 1 2 3 6 ;1
pedir;Futuro;vosotros;pediréis;B-cambio a las 1 2 3 6 ;1
pedir;Conditionnal;vosotros;pediríais;B-cambio a las 1 2 3 6 ;1
pedir;Subj_PRES;vosotros;pedáis;B-cambio a las 1 2 3 6 ;0
pedir;Subj_IMP_1;vosotros;pedierais;B-cambio a las 1 2 3 6 ;0
pedir;Present;ellos;piden;B-cambio a las 1 2 3 6 ;1
pedir;PRT_Indefinido;ellos;pidieron;B-cambio a las 1 2 3 6 ;1
pedir;PRT_Imperfecto;ellos;pedían;B-cambio a las 1 2 3 6 ;1
pedir;Futuro;ellos;pedirán;B-cambio a las 1 2 3 6 ;1
pedir;Conditionnal;ellos;pedirían;B-cambio a las 1 2 3 6 ;1
pedir;Subj_PRES;ellos;pedan;B-cambio a las 1 2 3 6 ;0
pedir;Subj_IMP_1;ellos;pedieran;B-cambio a las 1 2 3 6 ;0
nacer;Present;yo;nazco;C-cambio a la 1 ;1
nacer;PRT_Indefinido;yo;nací;C-cambio a la 1 ;0
nacer;PRT_Imperfecto;yo;nacia;C-cambio a la 1 ;0
nacer;Futuro;yo;nacere;C-cambio a la 1 ;0
nacer;Conditionnal;yo;nacería;C-cambio a la 1 ;0
nacer;Subj_PRES;yo;nazca;C-cambio a la 1 ;1
nacer;Subj_IMP_1;yo;naciera;C-cambio a la 1 ;0
nacer;Present;tu;naces;C-cambio a la 1 ;0
nacer;PRT_Indefinido;tu;naciste;C-cambio a la 1 ;0
nacer;PRT_Imperfecto;tu;nacias ;C-cambio a la 1 ;0
nacer;Futuro;tu;naceras;C-cambio a la 1 ;0
nacer;Conditionnal;tu;nacerías;C-cambio a la 1 ;0
nacer;Subj_PRES;tu;nazcas;C-cambio a la 1 ;1
nacer;Subj_IMP_1;tu;nacieras;C-cambio a la 1 ;0
nacer;Present;el;nace ;C-cambio a la 1 ;0
nacer;PRT_Indefinido;el;nació;C-cambio a la 1 ;0
nacer;PRT_Imperfecto;el;nacia;C-cambio a la 1 ;0
nacer;Futuro;el;nacera ;C-cambio a la 1 ;0
nacer;Conditionnal;el;nacería;C-cambio a la 1 ;0
nacer;Subj_PRES;el;nazca;C-cambio a la 1 ;1
nacer;Subj_IMP_1;el;naciera;C-cambio a la 1 ;0
nacer;Present;nosotros;nacemos ;C-cambio a la 1 ;0
nacer;PRT_Indefinido;nosotros;nacimos;C-cambio a la 1 ;0
nacer;PRT_Imperfecto;nosotros;naciamos;C-cambio a la 1 ;0
nacer;Futuro;nosotros;naceremos;C-cambio a la 1 ;0
nacer;Conditionnal;nosotros;naceríamos;C-cambio a la 1 ;0
nacer;Subj_PRES;nosotros;nazcamos;C-cambio a la 1 ;1
nacer;Subj_IMP_1;nosotros;naciéramos;C-cambio a la 1 ;0
nacer;Present;vosotros;nacéis;C-cambio a la 1 ;0
nacer;PRT_Indefinido;vosotros;nacisteis;C-cambio a la 1 ;0
nacer;PRT_Imperfecto;vosotros;naciais;C-cambio a la 1 ;0
nacer;Futuro;vosotros;nacereis;C-cambio a la 1 ;0
nacer;Conditionnal;vosotros;naceríais;C-cambio a la 1 ;0
nacer;Subj_PRES;vosotros;nazcáis;C-cambio a la 1 ;1
nacer;Subj_IMP_1;vosotros;nacierais;C-cambio a la 1 ;0
nacer;Present;ellos;nacen;C-cambio a la 1 ;0
nacer;PRT_Indefinido;ellos;nacieron;C-cambio a la 1 ;0
nacer;PRT_Imperfecto;ellos;nacian;C-cambio a la 1 ;0
nacer;Futuro;ellos;naceran;C-cambio a la 1 ;0
nacer;Conditionnal;ellos;nacerían;C-cambio a la 1 ;0
nacer;Subj_PRES;ellos;nazcan;C-cambio a la 1 ;1
nacer;Subj_IMP_1;ellos;nacieran;C-cambio a la 1 ;0
hacer;Present;yo;hago;C-cambio a la 1 ;1
hacer;PRT_Indefinido;yo;hice;C-cambio a la 1 ;1
hacer;PRT_Imperfecto;yo;hacía;C-cambio a la 1 ;1
hacer;Futuro;yo;haré;C-cambio a la 1 ;1
hacer;Conditionnal;yo;haría;C-cambio a la 1 ;1
hacer;Subj_PRES;yo;haca;C-cambio a la 1 ;0
hacer;Subj_IMP_1;yo;haciera;C-cambio a la 1 ;0
hacer;Present;tu;haces;C-cambio a la 1 ;1
hacer;PRT_Indefinido;tu;hiciste;C-cambio a la 1 ;1
hacer;PRT_Imperfecto;tu;hacías;C-cambio a la 1 ;1
hacer;Futuro;tu;harás;C-cambio a la 1 ;1
hacer;Conditionnal;tu;harías;C-cambio a la 1 ;1
hacer;Subj_PRES;tu;hacas;C-cambio a la 1 ;0
hacer;Subj_IMP_1;tu;hacieras;C-cambio a la 1 ;0
hacer;Present;el;hace;C-cambio a la 1 ;1
hacer;PRT_Indefinido;el;hizo;C-cambio a la 1 ;1
hacer;PRT_Imperfecto;el;hacía;C-cambio a la 1 ;1
hacer;Futuro;el;hará;C-cambio a la 1 ;1
hacer;Conditionnal;el;haría;C-cambio a la 1 ;1
hacer;Subj_PRES;el;haca;C-cambio a la 1 ;0
hacer;Subj_IMP_1;el;haciera;C-cambio a la 1 ;0
hacer;Present;nosotros;hacemos;C-cambio a la 1 ;1
hacer;PRT_Indefinido;nosotros;hicimos;C-cambio a la 1 ;1
hacer;PRT_Imperfecto;nosotros;hacíamos;C-cambio a la 1 ;1
hacer;Futuro;nosotros;haremos;C-cambio a la 1 ;1
hacer;Conditionnal;nosotros;haríamos;C-cambio a la 1 ;1
hacer;Subj_PRES;nosotros;hacamos;C-cambio a la 1 ;0
hacer;Subj_IMP_1;nosotros;haciéramos;C-cambio a la 1 ;0
hacer;Present;vosotros;hacéis;C-cambio a la 1 ;1
hacer;PRT_Indefinido;vosotros;hicisteis;C-cambio a la 1 ;1
hacer;PRT_Imperfecto;vosotros;hacíais;C-cambio a la 1 ;1
hacer;Futuro;vosotros;haréis;C-cambio a la 1 ;1
hacer;Conditionnal;vosotros;haríais;C-cambio a la 1 ;1
hacer;Subj_PRES;vosotros;hacáis;C-cambio a la 1 ;0
hacer;Subj_IMP_1;vosotros;hacierais;C-cambio a la 1 ;0
hacer;Present;ellos;hacen;C-cambio a la 1 ;1
hacer;PRT_Indefinido;ellos;hicieron;C-cambio a la 1 ;1
hacer;PRT_Imperfecto;ellos;hacían;C-cambio a la 1 ;1
hacer;Futuro;ellos;harán;C-cambio a la 1 ;1
hacer;Conditionnal;ellos;harían;C-cambio a la 1 ;1
hacer;Subj_PRES;ellos;hacan;C-cambio a la 1 ;0
hacer;Subj_IMP_1;ellos;hacieran;C-cambio a la 1 ;0
comenzar;Present;yo;comienzo;B-cambio a las 1 2 3 6 ;1
comenzar;PRT_Indefinido;yo;comencé;B-cambio a las 1 2 3 6 ;1
comenzar;PRT_Imperfecto;yo;comenzaba ;B-cambio a las 1 2 3 6 ;0
comenzar;Futuro;yo;comenzaré;B-cambio a las 1 2 3 6 ;0
comenzar;Conditionnal;yo;comenzaría;B-cambio a las 1 2 3 6 ;0
comenzar;Subj_PRES;yo;comience;B-cambio a las 1 2 3 6 ;1
comenzar;Subj_IMP_1;yo;comenzara;B-cambio a las 1 2 3 6 ;0
comenzar;Present;tu;comienzas;B-cambio a las 1 2 3 6 ;1
comenzar;PRT_Indefinido;tu;comenzaste ;B-cambio a las 1 2 3 6 ;0
comenzar;PRT_Imperfecto;tu;comenzabas ;B-cambio a las 1 2 3 6 ;0
comenzar;Futuro;tu;comenzarás ;B-cambio a las 1 2 3 6 ;0
comenzar;Conditionnal;tu;comenzarías ;B-cambio a las 1 2 3 6 ;0
comenzar;Subj_PRES;tu;comiences;B-cambio a las 1 2 3 6 ;1
comenzar;Subj_IMP_1;tu;comenzaras;B-cambio a las 1 2 3 6 ;0
comenzar;Present;el;comienza;B-cambio a las 1 2 3 6 ;1
comenzar;PRT_Indefinido;el;comenzó;B-cambio a las 1 2 3 6 ;0
comenzar;PRT_Imperfecto;el;comenzaba ;B-cambio a las 1 2 3 6 ;0
comenzar;Futuro;el;comenzará;B-cambio a las 1 2 3 6 ;0
comenzar;Conditionnal;el;comenzaría;B-cambio a las 1 2 3 6 ;0
comenzar;Subj_PRES;el;comience;B-cambio a las 1 2 3 6 ;1
comenzar;Subj_IMP_1;el;comenzara;B-cambio a las 1 2 3 6 ;0
comenzar;Present;nosotros;comenzamos;B-cambio a las 1 2 3 6 ;0
comenzar;PRT_Indefinido;nosotros;comenzamos;B-cambio a las 1 2 3 6 ;0
comenzar;PRT_Imperfecto;nosotros;comenzabamos ;B-cambio a las 1 2 3 6 ;0
comenzar;Futuro;nosotros;comenzaremos;B-cambio a las 1 2 3 6 ;0
comenzar;Conditionnal;nosotros;comenzaríamos;B-cambio a las 1 2 3 6 ;0
comenzar;Subj_PRES;nosotros;comencemos;B-cambio a las 1 2 3 6 ;1
comenzar;Subj_IMP_1;nosotros;comenzáros;B-cambio a las 1 2 3 6 ;0
comenzar;Present;vosotros;comenzáis;B-cambio a las 1 2 3 6 ;0
comenzar;PRT_Indefinido;vosotros;comenzasteis;B-cambio a las 1 2 3 6 ;0
comenzar;PRT_Imperfecto;vosotros;comenzabais;B-cambio a las 1 2 3 6 ;0
comenzar;Futuro;vosotros;comenzaréis ;B-cambio a las 1 2 3 6 ;0
comenzar;Conditionnal;vosotros;comenzaríaís ;B-cambio a las 1 2 3 6 ;0
comenzar;Subj_PRES;vosotros;comencéis;B-cambio a las 1 2 3 6 ;1
comenzar;Subj_IMP_1;vosotros;comenzarais;B-cambio a las 1 2 3 6 ;0
comenzar;Present;ellos;comienzan;B-cambio a las 1 2 3 6 ;1
comenzar;PRT_Indefinido;ellos;comenzaron;B-cambio a las 1 2 3 6 ;0
comenzar;PRT_Imperfecto;ellos;comenzaban;B-cambio a las 1 2 3 6 ;0
comenzar;Futuro;ellos;comenzarán;B-cambio a las 1 2 3 6 ;0
comenzar;Conditionnal;ellos;comenzarían;B-cambio a las 1 2 3 6 ;0
comenzar;Subj_PRES;ellos;comiencen;B-cambio a las 1 2 3 6 ;1
comenzar;Subj_IMP_1;ellos;comenzaran;B-cambio a las 1 2 3 6 ;0
contar;Present;yo;cuento ;B-cambio a las 1 2 3 6 ;1
contar;PRT_Indefinido;yo;conté;B-cambio a las 1 2 3 6 ;0
contar;PRT_Imperfecto;yo;contaba ;B-cambio a las 1 2 3 6 ;0
contar;Futuro;yo;contaré;B-cambio a las 1 2 3 6 ;0
contar;Conditionnal;yo;contaría;B-cambio a las 1 2 3 6 ;0
contar;Subj_PRES;yo;cuente;B-cambio a las 1 2 3 6 ;1
contar;Subj_IMP_1;yo;contara;B-cambio a las 1 2 3 6 ;0
contar;Present;tu;cuentas;B-cambio a las 1 2 3 6 ;1
contar;PRT_Indefinido;tu;contaste ;B-cambio a las 1 2 3 6 ;0
contar;PRT_Imperfecto;tu;contabas ;B-cambio a las 1 2 3 6 ;0
contar;Futuro;tu;contarás ;B-cambio a las 1 2 3 6 ;0
contar;Conditionnal;tu;contarías ;B-cambio a las 1 2 3 6 ;0
contar;Subj_PRES;tu;cuentes;B-cambio a las 1 2 3 6 ;1
contar;Subj_IMP_1;tu;contaras;B-cambio a las 1 2 3 6 ;0
contar;Present;el;cuenta;B-cambio a las 1 2 3 6 ;1
contar;PRT_Indefinido;el;contó;B-cambio a las 1 2 3 6 ;0
contar;PRT_Imperfecto;el;contaba ;B-cambio a las 1 2 3 6 ;0
contar;Futuro;el;contará;B-cambio a las 1 2 3 6 ;0
contar;Conditionnal;el;contaría;B-cambio a las 1 2 3 6 ;0
contar;Subj_PRES;el;cuente;B-cambio a las 1 2 3 6 ;1
contar;Subj_IMP_1;el;contara;B-cambio a las 1 2 3 6 ;0
contar;Present;nosotros;contamos;B-cambio a las 1 2 3 6 ;0
contar;PRT_Indefinido;nosotros;contamos;B-cambio a las 1 2 3 6 ;0
contar;PRT_Imperfecto;nosotros;contabamos ;B-cambio a las 1 2 3 6 ;0
contar;Futuro;nosotros;contaremos;B-cambio a las 1 2 3 6 ;0
contar;Conditionnal;nosotros;contaríamos;B-cambio a las 1 2 3 6 ;0
contar;Subj_PRES;nosotros;contemos;B-cambio a las 1 2 3 6 ;0
contar;Subj_IMP_1;nosotros;contáros;B-cambio a las 1 2 3 6 ;0
contar;Present;vosotros;contáis;B-cambio a las 1 2 3 6 ;0
contar;PRT_Indefinido;vosotros;contasteis;B-cambio a las 1 2 3 6 ;0
contar;PRT_Imperfecto;vosotros;contabais;B-cambio a las 1 2 3 6 ;0
contar;Futuro;vosotros;contaréis ;B-cambio a las 1 2 3 6 ;0
contar;Conditionnal;vosotros;contaríaís ;B-cambio a las 1 2 3 6 ;0
contar;Subj_PRES;vosotros;contéis;B-cambio a las 1 2 3 6 ;0
contar;Subj_IMP_1;vosotros;contarais;B-cambio a las 1 2 3 6 ;0
contar;Present;ellos;cuentan;B-cambio a las 1 2 3 6 ;1
contar;PRT_Indefinido;ellos;contaron;B-cambio a las 1 2 3 6 ;0
contar;PRT_Imperfecto;ellos;contaban;B-cambio a las 1 2 3 6 ;0
contar;Futuro;ellos;contarán;B-cambio a las 1 2 3 6 ;0
contar;Conditionnal;ellos;contarían;B-cambio a las 1 2 3 6 ;0
contar;Subj_PRES;ellos;cuenten;B-cambio a las 1 2 3 6 ;1
contar;Subj_IMP_1;ellos;contaran;B-cambio a las 1 2 3 6 ;0
despertar;Present;yo;despierto;B-cambio a las 1 2 3 6 ;1
despertar;PRT_Indefinido;yo;desperté;B-cambio a las 1 2 3 6 ;0
despertar;PRT_Imperfecto;yo;despertaba ;B-cambio a las 1 2 3 6 ;0
despertar;Futuro;yo;despertaré;B-cambio a las 1 2 3 6 ;0
despertar;Conditionnal;yo;despertaría;B-cambio a las 1 2 3 6 ;0
despertar;Subj_PRES;yo;despierte;B-cambio a las 1 2 3 6 ;1
despertar;Subj_IMP_1;yo;despertara;B-cambio a las 1 2 3 6 ;0
despertar;Present;tu;despiertas;B-cambio a las 1 2 3 6 ;1
despertar;PRT_Indefinido;tu;despertaste ;B-cambio a las 1 2 3 6 ;0
despertar;PRT_Imperfecto;tu;despertabas ;B-cambio a las 1 2 3 6 ;0
despertar;Futuro;tu;despertarás ;B-cambio a las 1 2 3 6 ;0
despertar;Conditionnal;tu;despertarías ;B-cambio a las 1 2 3 6 ;0
despertar;Subj_PRES;tu;despiertes;B-cambio a las 1 2 3 6 ;1
despertar;Subj_IMP_1;tu;despertaras;B-cambio a las 1 2 3 6 ;0
despertar;Present;el;despierta;B-cambio a las 1 2 3 6 ;1
despertar;PRT_Indefinido;el;despertó;B-cambio a las 1 2 3 6 ;0
despertar;PRT_Imperfecto;el;despertaba ;B-cambio a las 1 2 3 6 ;0
despertar;Futuro;el;despertará;B-cambio a las 1 2 3 6 ;0
despertar;Conditionnal;el;despertaría;B-cambio a las 1 2 3 6 ;0
despertar;Subj_PRES;el;despierte;B-cambio a las 1 2 3 6 ;1
despertar;Subj_IMP_1;el;despertara;B-cambio a las 1 2 3 6 ;0
despertar;Present;nosotros;despertamos;B-cambio a las 1 2 3 6 ;0
despertar;PRT_Indefinido;nosotros;despertamos;B-cambio a las 1 2 3 6 ;0
despertar;PRT_Imperfecto;nosotros;despertabamos ;B-cambio a las 1 2 3 6 ;0
despertar;Futuro;nosotros;despertaremos;B-cambio a las 1 2 3 6 ;0
despertar;Conditionnal;nosotros;despertaríamos;B-cambio a las 1 2 3 6 ;0
despertar;Subj_PRES;nosotros;despertemos;B-cambio a las 1 2 3 6 ;0
despertar;Subj_IMP_1;nosotros;despertáros;B-cambio a las 1 2 3 6 ;0
despertar;Present;vosotros;despertáis;B-cambio a las 1 2 3 6 ;0
despertar;PRT_Indefinido;vosotros;despertasteis;B-cambio a las 1 2 3 6 ;0
despertar;PRT_Imperfecto;vosotros;despertabais;B-cambio a las 1 2 3 6 ;0
despertar;Futuro;vosotros;despertaréis ;B-cambio a las 1 2 3 6 ;0
despertar;Conditionnal;vosotros;despertaríaís ;B-cambio a las 1 2 3 6 ;0
despertar;Subj_PRES;vosotros;despertéis;B-cambio a las 1 2 3 6 ;0
despertar;Subj_IMP_1;vosotros;despertarais;B-cambio a las 1 2 3 6 ;0
despertar;Present;ellos;despiertan;B-cambio a las 1 2 3 6 ;1
despertar;PRT_Indefinido;ellos;despertaron;B-cambio a las 1 2 3 6 ;0
despertar;PRT_Imperfecto;ellos;despertaban;B-cambio a las 1 2 3 6 ;0
despertar;Futuro;ellos;despertarán;B-cambio a las 1 2 3 6 ;0
despertar;Conditionnal;ellos;despertarían;B-cambio a las 1 2 3 6 ;0
despertar;Subj_PRES;ellos;despierten;B-cambio a las 1 2 3 6 ;1
despertar;Subj_IMP_1;ellos;despertaran;B-cambio a las 1 2 3 6 ;0
querer;Present;yo;quiero;B-cambio a las 1 2 3 6 ;1
querer;PRT_Indefinido;yo;quise;B-cambio a las 1 2 3 6 ;1
querer;PRT_Imperfecto;yo;quería;B-cambio a las 1 2 3 6 ;1
querer;Futuro;yo;querré;B-cambio a las 1 2 3 6 ;1
querer;Conditionnal;yo;querría;B-cambio a las 1 2 3 6 ;1
querer;Subj_PRES;yo;quiera;B-cambio a las 1 2 3 6 ;1
querer;Subj_IMP_1;yo;quisiera;B-cambio a las 1 2 3 6 ;1
querer;Present;tu;quieres;B-cambio a las 1 2 3 6 ;1
querer;PRT_Indefinido;tu;quisiste;B-cambio a las 1 2 3 6 ;1
querer;PRT_Imperfecto;tu;querías;B-cambio a las 1 2 3 6 ;1
querer;Futuro;tu;querrás;B-cambio a las 1 2 3 6 ;1
querer;Conditionnal;tu;querrías;B-cambio a las 1 2 3 6 ;1
querer;Subj_PRES;tu;quieras;B-cambio a las 1 2 3 6 ;1
querer;Subj_IMP_1;tu;quisieras;B-cambio a las 1 2 3 6 ;1
querer;Present;el;quiere;B-cambio a las 1 2 3 6 ;1
querer;PRT_Indefinido;el;quiso;B-cambio a las 1 2 3 6 ;1
querer;PRT_Imperfecto;el;quería;B-cambio a las 1 2 3 6 ;1
querer;Futuro;el;querrá;B-cambio a las 1 2 3 6 ;1
querer;Conditionnal;el;querría;B-cambio a las 1 2 3 6 ;1
querer;Subj_PRES;el;quiera;B-cambio a las 1 2 3 6 ;1
querer;Subj_IMP_1;el;quisiera;B-cambio a las 1 2 3 6 ;1
querer;Present;nosotros;queremos;B-cambio a las 1 2 3 6 ;1
querer;PRT_Indefinido;nosotros;quisimos;B-cambio a las 1 2 3 6 ;1
querer;PRT_Imperfecto;nosotros;queríamos;B-cambio a las 1 2 3 6 ;1
querer;Futuro;nosotros;querremos;B-cambio a las 1 2 3 6 ;1
querer;Conditionnal;nosotros;querríamos;B-cambio a las 1 2 3 6 ;1
querer;Subj_PRES;nosotros;queramos;B-cambio a las 1 2 3 6 ;1
querer;Subj_IMP_1;nosotros;quisiéramos;B-cambio a las 1 2 3 6 ;1
querer;Present;vosotros;queréis;B-cambio a las 1 2 3 6 ;1
querer;PRT_Indefinido;vosotros;quisisteis;B-cambio a las 1 2 3 6 ;1
querer;PRT_Imperfecto;vosotros;queríais;B-cambio a las 1 2 3 6 ;1
querer;Futuro;vosotros;querréis;B-cambio a las 1 2 3 6 ;1
querer;Conditionnal;vosotros;querríais;B-cambio a las 1 2 3 6 ;1
querer;Subj_PRES;vosotros;queráis;B-cambio a las 1 2 3 6 ;1
querer;Subj_IMP_1;vosotros;quisierais;B-cambio a las 1 2 3 6 ;1
querer;Present;ellos;quieren;B-cambio a las 1 2 3 6 ;1
querer;PRT_Indefinido;ellos;quisieron;B-cambio a las 1 2 3 6 ;1
querer;PRT_Imperfecto;ellos;querían;B-cambio a las 1 2 3 6 ;1
querer;Futuro;ellos;querrán;B-cambio a las 1 2 3 6 ;1
querer;Conditionnal;ellos;querrían;B-cambio a las 1 2 3 6 ;1
querer;Subj_PRES;ellos;quieran;B-cambio a las 1 2 3 6 ;1
querer;Subj_IMP_1;ellos;quisieran;B-cambio a las 1 2 3 6 ;1
poner;Present;yo;pongo;C-cambio a la 1 ;1
poner;PRT_Indefinido;yo;puse;C-cambio a la 1 ;1
poner;PRT_Imperfecto;yo;ponía;C-cambio a la 1 ;1
poner;Futuro;yo;pondré;C-cambio a la 1 ;1
poner;Conditionnal;yo;pondría;C-cambio a la 1 ;1
poner;Subj_PRES;yo;pona;C-cambio a la 1 ;0
poner;Subj_IMP_1;yo;poniera;C-cambio a la 1 ;0
poner;Present;tu;pones;C-cambio a la 1 ;1
poner;PRT_Indefinido;tu;pusiste;C-cambio a la 1 ;1
poner;PRT_Imperfecto;tu;ponías;C-cambio a la 1 ;1
poner;Futuro;tu;pondrás;C-cambio a la 1 ;1
poner;Conditionnal;tu;pondrías;C-cambio a la 1 ;1
poner;Subj_PRES;tu;ponas;C-cambio a la 1 ;0
poner;Subj_IMP_1;tu;ponieras;C-cambio a la 1 ;0
poner;Present;el;pone;C-cambio a la 1 ;1
poner;PRT_Indefinido;el;puso;C-cambio a la 1 ;1
poner;PRT_Imperfecto;el;ponía;C-cambio a la 1 ;1
poner;Futuro;el;pondrá;C-cambio a la 1 ;1
poner;Conditionnal;el;pondría;C-cambio a la 1 ;1
poner;Subj_PRES;el;pona;C-cambio a la 1 ;0
poner;Subj_IMP_1;el;poniera;C-cambio a la 1 ;0
poner;Present;nosotros;ponemos;C-cambio a la 1 ;1
poner;PRT_Indefinido;nosotros;pusimos;C-cambio a la 1 ;1
poner;PRT_Imperfecto;nosotros;poníamos;C-cambio a la 1 ;1
poner;Futuro;nosotros;pondremos;C-cambio a la 1 ;1
poner;Conditionnal;nosotros;pondríamos;C-cambio a la 1 ;1
poner;Subj_PRES;nosotros;ponamos;C-cambio a la 1 ;0
poner;Subj_IMP_1;nosotros;poniéramos;C-cambio a la 1 ;0
poner;Present;vosotros;ponéis;C-cambio a la 1 ;1
poner;PRT_Indefinido;vosotros;pusisteis;C-cambio a la 1 ;1
poner;PRT_Imperfecto;vosotros;poníais;C-cambio a la 1 ;1
poner;Futuro;vosotros;pondréis;C-cambio a la 1 ;1
poner;Conditionnal;vosotros;pondríais;C-cambio a la 1 ;1
poner;Subj_PRES;vosotros;ponáis;C-cambio a la 1 ;0
poner;Subj_IMP_1;vosotros;ponierais;C-cambio a la 1 ;0
poner;Present;ellos;ponen;C-cambio a la 1 ;1
poner;PRT_Indefinido;ellos;pusieron;C-cambio a la 1 ;1
poner;PRT_Imperfecto;ellos;ponían;C-cambio a la 1 ;1
poner;Futuro;ellos;pondrán;C-cambio a la 1 ;1
poner;Conditionnal;ellos;pondrían;C-cambio a la 1 ;1
poner;Subj_PRES;ellos;ponan;C-cambio a la 1 ;0
poner;Subj_IMP_1;ellos;ponieran;C-cambio a la 1 ;0
ver;Present;yo;veo;C-cambio a la 1 ;1
ver;PRT_Indefinido;yo;vi;C-cambio a la 1 ;1
ver;PRT_Imperfecto;yo;veía;C-cambio a la 1 ;1
ver;Futuro;yo;veré;C-cambio a la 1 ;1
ver;Conditionnal;yo;vería;C-cambio a la 1 ;1
ver;Subj_PRES;yo;vea;C-cambio a la 1 ;1
ver;Subj_IMP_1;yo;viera;C-cambio a la 1 ;0
ver;Present;tu;ves;C-cambio a la 1 ;1
ver;PRT_Indefinido;tu;viste;C-cambio a la 1 ;1
ver;PRT_Imperfecto;tu;veías;C-cambio a la 1 ;1
ver;Futuro;tu;verás;C-cambio a la 1 ;1
ver;Conditionnal;tu;verías;C-cambio a la 1 ;1
ver;Subj_PRES;tu;veas;C-cambio a la 1 ;1
ver;Subj_IMP_1;tu;vieras;C-cambio a la 1 ;0
ver;Present;el;ve;C-cambio a la 1 ;1
ver;PRT_Indefinido;el;vio;C-cambio a la 1 ;1
ver;PRT_Imperfecto;el;veía;C-cambio a la 1 ;1
ver;Futuro;el;verá;C-cambio a la 1 ;1
ver;Conditionnal;el;vería;C-cambio a la 1 ;1
ver;Subj_PRES;el;vea;C-cambio a la 1 ;1
ver;Subj_IMP_1;el;viera;C-cambio a la 1 ;0
ver;Present;nosotros;vemos;C-cambio a la 1 ;1
ver;PRT_Indefinido;nosotros;vimos;C-cambio a la 1 ;1
ver;PRT_Imperfecto;nosotros;veíamos;C-cambio a la 1 ;1
ver;Futuro;nosotros;veremos;C-cambio a la 1 ;1
ver;Conditionnal;nosotros;veríamos;C-cambio a la 1 ;1
ver;Subj_PRES;nosotros;veamos;C-cambio a la 1 ;1
ver;Subj_IMP_1;nosotros;viéramos;C-cambio a la 1 ;0
ver;Present;vosotros;veis;C-cambio a la 1 ;1
ver;PRT_Indefinido;vosotros;visteis;C-cambio a la 1 ;1
ver;PRT_Imperfecto;vosotros;veíais;C-cambio a la 1 ;1
ver;Futuro;vosotros;veréis;C-cambio a la 1 ;1
ver;Conditionnal;vosotros;veríais;C-cambio a la 1 ;1
ver;Subj_PRES;vosotros;veáis;C-cambio a la 1 ;1
ver;Subj_IMP_1;vosotros;vierais;C-cambio a la 1 ;0
ver;Present;ellos;ven;C-cambio a la 1 ;1
ver;PRT_Indefinido;ellos;vieron;C-cambio a la 1 ;1
ver;PRT_Imperfecto;ellos;veían;C-cambio a la 1 ;1
ver;Futuro;ellos;verán;C-cambio a la 1 ;1
ver;Conditionnal;ellos;verían;C-cambio a la 1 ;1
ver;Subj_PRES;ellos;vean;C-cambio a la 1 ;1
ver;Subj_IMP_1;ellos;vieran;C-cambio a la 1 ;0
ar;Present;yo;o ;template;1
ar;PRT_Indefinido;yo;é;template;1
ar;PRT_Imperfecto;yo;aba ;template;1
ar;Futuro;yo;aré;template;1
ar;Conditionnal;yo;aría;template;1
ar;Subj_PRES;yo;e;template;1
ar;Subj_IMP_1;yo;ara;template;1
ar;Present;tu;as;template;1
ar;PRT_Indefinido;tu;aste ;template;1
ar;PRT_Imperfecto;tu;abas ;template;1
ar;Futuro;tu;arás ;template;1
ar;Conditionnal;tu;arías ;template;1
ar;Subj_PRES;tu;es;template;1
ar;Subj_IMP_1;tu;aras;template;1
ar;Present;el;a ;template;1
ar;PRT_Indefinido;el;ó;template;1
ar;PRT_Imperfecto;el;aba ;template;1
ar;Futuro;el;ará;template;1
ar;Conditionnal;el;aría;template;1
ar;Subj_PRES;el;e;template;1
ar;Subj_IMP_1;el;ara;template;1
ar;Present;nosotros;amos;template;1
ar;PRT_Indefinido;nosotros;amos;template;1
ar;PRT_Imperfecto;nosotros;abamos ;template;1
ar;Futuro;nosotros;aremos;template;1
ar;Conditionnal;nosotros;aríamos;template;1
ar;Subj_PRES;nosotros;emos;template;1
ar;Subj_IMP_1;nosotros;áros;template;1
ar;Present;vosotros;áis;template;1
ar;PRT_Indefinido;vosotros;asteis;template;1
ar;PRT_Imperfecto;vosotros;abais;template;1
ar;Futuro;vosotros;aréis ;template;1
ar;Conditionnal;vosotros;aríaís ;template;1
ar;Subj_PRES;vosotros;éis;template;1
ar;Subj_IMP_1;vosotros;arais;template;1
ar;Present;ellos;an;template;1
ar;PRT_Indefinido;ellos;aron;template;1
ar;PRT_Imperfecto;ellos;aban;template;1
ar;Futuro;ellos;arán;template;1
ar;Conditionnal;ellos;arían;template;1
ar;Subj_PRES;ellos;en;template;1
ar;Subj_IMP_1;ellos;aran;template;1
er;Present;yo;o;template;1
er;PRT_Indefinido;yo;í;template;1
er;PRT_Imperfecto;yo;ia;template;1
er;Futuro;yo;ere;template;1
er;Conditionnal;yo;ería;template;1
er;Subj_PRES;yo;a;template;1
er;Subj_IMP_1;yo;iera;template;1
er;Present;tu;es;template;1
er;PRT_Indefinido;tu;iste;template;1
er;PRT_Imperfecto;tu;ias ;template;1
er;Futuro;tu;eras;template;1
er;Conditionnal;tu;erías;template;1
er;Subj_PRES;tu;as;template;1
er;Subj_IMP_1;tu;ieras;template;1
er;Present;el;e ;template;1
er;PRT_Indefinido;el;ió;template;1
er;PRT_Imperfecto;el;ia;template;1
er;Futuro;el;era ;template;1
er;Conditionnal;el;ería;template;1
er;Subj_PRES;el;a;template;1
er;Subj_IMP_1;el;iera;template;1
er;Present;nosotros;emos ;template;1
er;PRT_Indefinido;nosotros;imos;template;1
er;PRT_Imperfecto;nosotros;iamos;template;1
er;Futuro;nosotros;eremos;template;1
er;Conditionnal;nosotros;eríamos;template;1
er;Subj_PRES;nosotros;amos;template;1
er;Subj_IMP_1;nosotros;iéramos;template;1
er;Present;vosotros;éis;template;1
er;PRT_Indefinido;vosotros;isteis;template;1
er;PRT_Imperfecto;vosotros;iais;template;1
er;Futuro;vosotros;ereis;template;1
er;Conditionnal;vosotros;eríais;template;1
er;Subj_PRES;vosotros;áis;template;1
er;Subj_IMP_1;vosotros;ierais;template;1
er;Present;ellos;en;template;1
er;PRT_Indefinido;ellos;ieron;template;1
er;PRT_Imperfecto;ellos;ian;template;1
er;Futuro;ellos;eran;template;1
er;Conditionnal;ellos;erían;template;1
er;Subj_PRES;ellos;an;template;1
er;Subj_IMP_1;ellos;ieran;template;1
ir;Present;yo;o;template;1
ir;PRT_Indefinido;yo;í;template;1
ir;PRT_Imperfecto;yo;ía;template;1
ir;Futuro;yo;iré;template;1
ir;Conditionnal;yo;iría;template;1
ir;Subj_PRES;yo;a;template;1
ir;Subj_IMP_1;yo;iera;template;1
ir;Present;tu;es;template;1
ir;PRT_Indefinido;tu;iste;template;1
ir;PRT_Imperfecto;tu;ías;template;1
ir;Futuro;tu;irás;template;1
ir;Conditionnal;tu;irías;template;1
ir;Subj_PRES;tu;as;template;1
ir;Subj_IMP_1;tu;ieras;template;1
ir;Present;el;e ;template;1
ir;PRT_Indefinido;el;ió;template;1
ir;PRT_Imperfecto;el;ía;template;1
ir;Futuro;el;irá;template;1
ir;Conditionnal;el;iría;template;1
ir;Subj_PRES;el;a;template;1
ir;Subj_IMP_1;el;iera;template;1
ir;Present;nosotros;imos;template;1
ir;PRT_Indefinido;nosotros;imos;template;1
ir;PRT_Imperfecto;nosotros;íamos;template;1
ir;Futuro;nosotros;iremos;template;1
ir;Conditionnal;nosotros;iríamos;template;1
ir;Subj_PRES;nosotros;amos;template;1
ir;Subj_IMP_1;nosotros;iéramos;template;1
ir;Present;vosotros;is;template;1
ir;PRT_Indefinido;vosotros;isteis;template;1
ir;PRT_Imperfecto;vosotros;íais;template;1
ir;Futuro;vosotros;iréis;template;1
ir;Conditionnal;vosotros;iríais;template;1
ir;Subj_PRES;vosotros;áis;template;1
ir;Subj_IMP_1;vosotros;ierais;template;1
ir;Present;ellos;en;template;1
ir;PRT_Indefinido;ellos;ieron;template;1
ir;PRT_Imperfecto;ellos;ían;template;1
ir;Futuro;ellos;irán;template;1
ir;Conditionnal;ellos;irían;template;1
ir;Subj_PRES;ellos;an;template;1
ir;Subj_IMP_1;ellos;ieran;template;1
seguir;Present;yo;sigo;B-cambio a las 1 2 3 6 ;1
seguir;PRT_Indefinido;yo;seguí;B-cambio a las 1 2 3 6 ;0
seguir;PRT_Imperfecto;yo;seguía;B-cambio a las 1 2 3 6 ;0
seguir;Futuro;yo;seguiré;B-cambio a las 1 2 3 6 ;0
seguir;Conditionnal;yo;seguiría;B-cambio a las 1 2 3 6 ;0
seguir;Subj_PRES;yo;siga;B-cambio a las 1 2 3 6 ;1
seguir;Subj_IMP_1;yo;siguiera;B-cambio a las 1 2 3 6 ;1
seguir;Present;tu;sigues;B-cambio a las 1 2 3 6 ;1
seguir;PRT_Indefinido;tu;seguiste;B-cambio a las 1 2 3 6 ;0
seguir;PRT_Imperfecto;tu;seguías;B-cambio a las 1 2 3 6 ;0
seguir;Futuro;tu;seguirás;B-cambio a las 1 2 3 6 ;0
seguir;Conditionnal;tu;seguirías;B-cambio a las 1 2 3 6 ;0
seguir;Subj_PRES;tu;sigas;B-cambio a las 1 2 3 6 ;1
seguir;Subj_IMP_1;tu;siguieras;B-cambio a las 1 2 3 6 ;1
seguir;Present;el;sigue;B-cambio a las 1 2 3 6 ;1
seguir;PRT_Indefinido;el;siguió;B-cambio a las 1 2 3 6 ;1
seguir;PRT_Imperfecto;el;seguía;B-cambio a las 1 2 3 6 ;0
seguir;Futuro;el;seguirá;B-cambio a las 1 2 3 6 ;0
seguir;Conditionnal;el;seguiría;B-cambio a las 1 2 3 6 ;0
seguir;Subj_PRES;el;siga;B-cambio a las 1 2 3 6 ;1
seguir;Subj_IMP_1;el;siguiera;B-cambio a las 1 2 3 6 ;1
seguir;Present;nosotros;seguimos;B-cambio a las 1 2 3 6 ;0
seguir;PRT_Indefinido;nosotros;seguimos;B-cambio a las 1 2 3 6 ;0
seguir;PRT_Imperfecto;nosotros;seguíamos;B-cambio a las 1 2 3 6 ;0
seguir;Futuro;nosotros;seguiremos;B-cambio a las 1 2 3 6 ;0
seguir;Conditionnal;nosotros;seguiríamos;B-cambio a las 1 2 3 6 ;0
seguir;Subj_PRES;nosotros;sigamos;B-cambio a las 1 2 3 6 ;1
seguir;Subj_IMP_1;nosotros;siguiéramos;B-cambio a las 1 2 3 6 ;1
seguir;Present;vosotros;seguis;B-cambio a las 1 2 3 6 ;0
seguir;PRT_Indefinido;vosotros;seguisteis;B-cambio a las 1 2 3 6 ;0
seguir;PRT_Imperfecto;vosotros;seguíais;B-cambio a las 1 2 3 6 ;0
seguir;Futuro;vosotros;seguiréis;B-cambio a las 1 2 3 6 ;0
seguir;Conditionnal;vosotros;seguiríais;B-cambio a las 1 2 3 6 ;0
seguir;Subj_PRES;vosotros;sigáis;B-cambio a las 1 2 3 6 ;1
seguir;Subj_IMP_1;vosotros;siguierais;B-cambio a las 1 2 3 6 ;1
seguir;Present;ellos;siguen;B-cambio a las 1 2 3 6 ;1
seguir;PRT_Indefinido;ellos;siguieron;B-cambio a las 1 2 3 6 ;1
seguir;PRT_Imperfecto;ellos;seguían;B-cambio a las 1 2 3 6 ;0
seguir;Futuro;ellos;seguirán;B-cambio a las 1 2 3 6 ;0
seguir;Conditionnal;ellos;seguirían;B-cambio a las 1 2 3 6 ;0
seguir;Subj_PRES;ellos;sigan;B-cambio a las 1 2 3 6 ;1
seguir;Subj_IMP_1;ellos;siguieran;B-cambio a las 1 2 3 6 ;1
salir;Present;yo;salgo;C-cambio a la 1 ;1
salir;PRT_Indefinido;yo;salí;C-cambio a la 1 ;0
salir;PRT_Imperfecto;yo;salía;C-cambio a la 1 ;0
salir;Futuro;yo;saldré;C-cambio a la 1 ;1
salir;Conditionnal;yo;saldría;C-cambio a la 1 ;1
salir;Subj_PRES;yo;salga;C-cambio a la 1 ;1
salir;Subj_IMP_1;yo;saliera;C-cambio a la 1 ;0
salir;Present;tu;sales;C-cambio a la 1 ;0
salir;PRT_Indefinido;tu;saliste;C-cambio a la 1 ;0
salir;PRT_Imperfecto;tu;salías;C-cambio a la 1 ;0
salir;Futuro;tu;saldrás;C-cambio a la 1 ;1
salir;Conditionnal;tu;saldrías;C-cambio a la 1 ;1
salir;Subj_PRES;tu;salgas;C-cambio a la 1 ;1
salir;Subj_IMP_1;tu;salieras;C-cambio a la 1 ;0
salir;Present;el;sale ;C-cambio a la 1 ;0
salir;PRT_Indefinido;el;salió;C-cambio a la 1 ;0
salir;PRT_Imperfecto;el;salía;C-cambio a la 1 ;0
salir;Futuro;el;saldrá;C-cambio a la 1 ;1
salir;Conditionnal;el;saldría;C-cambio a la 1 ;1
salir;Subj_PRES;el;salga;C-cambio a la 1 ;1
salir;Subj_IMP_1;el;saliera;C-cambio a la 1 ;0
salir;Present;nosotros;salimos;C-cambio a la 1 ;0
salir;PRT_Indefinido;nosotros;salimos;C-cambio a la 1 ;0
salir;PRT_Imperfecto;nosotros;salíamos;C-cambio a la 1 ;0
salir;Futuro;nosotros;saldremos;C-cambio a la 1 ;1
salir;Conditionnal;nosotros;saldríamos;C-cambio a la 1 ;1
salir;Subj_PRES;nosotros;salgamos;C-cambio a la 1 ;1
salir;Subj_IMP_1;nosotros;saliéramos;C-cambio a la 1 ;0
salir;Present;vosotros;salis;C-cambio a la 1 ;0
salir;PRT_Indefinido;vosotros;salisteis;C-cambio a la 1 ;0
salir;PRT_Imperfecto;vosotros;salíais;C-cambio a la 1 ;0
salir;Futuro;vosotros;saldréis;C-cambio a la 1 ;1
salir;Conditionnal;vosotros;saldríais;C-cambio a la 1 ;1
salir;Subj_PRES;vosotros;salgáis;C-cambio a la 1 ;1
salir;Subj_IMP_1;vosotros;salierais;C-cambio a la 1 ;0
salir;Present;ellos;salen;C-cambio a la 1 ;0
salir;PRT_Indefinido;ellos;salieron;C-cambio a la 1 ;0
salir;PRT_Imperfecto;ellos;salían;C-cambio a la 1 ;0
salir;Futuro;ellos;saldrán;C-cambio a la 1 ;1
salir;Conditionnal;ellos;saldrían;C-cambio a la 1 ;1
salir;Subj_PRES;ellos;salgan;C-cambio a la 1 ;1
salir;Subj_IMP_1;ellos;salieran;C-cambio a la 1 ;0
volver;Present;yo;vuelvo;B-cambio a las 1 2 3 6 ;1
volver;PRT_Indefinido;yo;volví;B-cambio a las 1 2 3 6 ;0
volver;PRT_Imperfecto;yo;volvia;B-cambio a las 1 2 3 6 ;0
volver;Futuro;yo;volvere;B-cambio a las 1 2 3 6 ;0
volver;Conditionnal;yo;volvería;B-cambio a las 1 2 3 6 ;0
volver;Subj_PRES;yo;vuelva;B-cambio a las 1 2 3 6 ;1
volver;Subj_IMP_1;yo;volviera;B-cambio a las 1 2 3 6 ;0
volver;Present;tu;vuelves;B-cambio a las 1 2 3 6 ;1
volver;PRT_Indefinido;tu;volviste;B-cambio a las 1 2 3 6 ;0
volver;PRT_Imperfecto;tu;volvias ;B-cambio a las 1 2 3 6 ;0
volver;Futuro;tu;volveras;B-cambio a las 1 2 3 6 ;0
volver;Conditionnal;tu;volverías;B-cambio a las 1 2 3 6 ;0
volver;Subj_PRES;tu;vuelvas;B-cambio a las 1 2 3 6 ;1
volver;Subj_IMP_1;tu;volvieras;B-cambio a las 1 2 3 6 ;0
volver;Present;el;vuelve;B-cambio a las 1 2 3 6 ;1
volver;PRT_Indefinido;el;volvió;B-cambio a las 1 2 3 6 ;0
volver;PRT_Imperfecto;el;volvia;B-cambio a las 1 2 3 6 ;0
volver;Futuro;el;volvera ;B-cambio a las 1 2 3 6 ;0
volver;Conditionnal;el;volvería;B-cambio a las 1 2 3 6 ;0
volver;Subj_PRES;el;vuelva;B-cambio a las 1 2 3 6 ;1
volver;Subj_IMP_1;el;volviera;B-cambio a las 1 2 3 6 ;0
volver;Present;nosotros;volvemos ;B-cambio a las 1 2 3 6 ;0
volver;PRT_Indefinido;nosotros;volvimos;B-cambio a las 1 2 3 6 ;0
volver;PRT_Imperfecto;nosotros;volviamos;B-cambio a las 1 2 3 6 ;0
volver;Futuro;nosotros;volveremos;B-cambio a las 1 2 3 6 ;0
volver;Conditionnal;nosotros;volveríamos;B-cambio a las 1 2 3 6 ;0
volver;Subj_PRES;nosotros;volvamos;B-cambio a las 1 2 3 6 ;0
volver;Subj_IMP_1;nosotros;volviéramos;B-cambio a las 1 2 3 6 ;0
volver;Present;vosotros;volvéis;B-cambio a las 1 2 3 6 ;0
volver;PRT_Indefinido;vosotros;volvisteis;B-cambio a las 1 2 3 6 ;0
volver;PRT_Imperfecto;vosotros;volviais;B-cambio a las 1 2 3 6 ;0
volver;Futuro;vosotros;volvereis;B-cambio a las 1 2 3 6 ;0
volver;Conditionnal;vosotros;volveríais;B-cambio a las 1 2 3 6 ;0
volver;Subj_PRES;vosotros;volváis;B-cambio a las 1 2 3 6 ;0
volver;Subj_IMP_1;vosotros;volvierais;B-cambio a las 1 2 3 6 ;0
volver;Present;ellos;vuelven;B-cambio a las 1 2 3 6 ;1
volver;PRT_Indefinido;ellos;volvieron;B-cambio a las 1 2 3 6 ;0
volver;PRT_Imperfecto;ellos;volvian;B-cambio a las 1 2 3 6 ;0
volver;Futuro;ellos;volveran;B-cambio a las 1 2 3 6 ;0
volver;Conditionnal;ellos;volverían;B-cambio a las 1 2 3 6 ;0
volver;Subj_PRES;ellos;vuelvan;B-cambio a las 1 2 3 6 ;1
volver;Subj_IMP_1;ellos;volvieran;B-cambio a las 1 2 3 6 ;0
soñar;Present;yo;sueño;B-cambio a las 1 2 3 6 ;1
soñar;PRT_Indefinido;yo;soñé;B-cambio a las 1 2 3 6 ;0
soñar;PRT_Imperfecto;yo;soñaba ;B-cambio a las 1 2 3 6 ;0
soñar;Futuro;yo;soñaré;B-cambio a las 1 2 3 6 ;0
soñar;Conditionnal;yo;soñaría;B-cambio a las 1 2 3 6 ;0
soñar;Subj_PRES;yo;sueñe;B-cambio a las 1 2 3 6 ;1
soñar;Subj_IMP_1;yo;soñara;B-cambio a las 1 2 3 6 ;0
soñar;Present;tu;sueñas;B-cambio a las 1 2 3 6 ;1
soñar;PRT_Indefinido;tu;soñaste ;B-cambio a las 1 2 3 6 ;0
soñar;PRT_Imperfecto;tu;soñabas ;B-cambio a las 1 2 3 6 ;0
soñar;Futuro;tu;soñarás ;B-cambio a las 1 2 3 6 ;0
soñar;Conditionnal;tu;soñarías ;B-cambio a las 1 2 3 6 ;0
soñar;Subj_PRES;tu;sueñes;B-cambio a las 1 2 3 6 ;1
soñar;Subj_IMP_1;tu;soñaras;B-cambio a las 1 2 3 6 ;0
soñar;Present;el;sueña;B-cambio a las 1 2 3 6 ;1
soñar;PRT_Indefinido;el;soñó;B-cambio a las 1 2 3 6 ;0
soñar;PRT_Imperfecto;el;soñaba ;B-cambio a las 1 2 3 6 ;0
soñar;Futuro;el;soñará;B-cambio a las 1 2 3 6 ;0
soñar;Conditionnal;el;soñaría;B-cambio a las 1 2 3 6 ;0
soñar;Subj_PRES;el;sueñe;B-cambio a las 1 2 3 6 ;1
soñar;Subj_IMP_1;el;soñara;B-cambio a las 1 2 3 6 ;0
soñar;Present;nosotros;soñamos;B-cambio a las 1 2 3 6 ;0
soñar;PRT_Indefinido;nosotros;soñamos;B-cambio a las 1 2 3 6 ;0
soñar;PRT_Imperfecto;nosotros;soñabamos ;B-cambio a las 1 2 3 6 ;0
soñar;Futuro;nosotros;soñaremos;B-cambio a las 1 2 3 6 ;0
soñar;Conditionnal;nosotros;soñaríamos;B-cambio a las 1 2 3 6 ;0
soñar;Subj_PRES;nosotros;soñemos;B-cambio a las 1 2 3 6 ;0
soñar;Subj_IMP_1;nosotros;soñáros;B-cambio a las 1 2 3 6 ;0
soñar;Present;vosotros;soñáis;B-cambio a las 1 2 3 6 ;0
soñar;PRT_Indefinido;vosotros;soñasteis;B-cambio a las 1 2 3 6 ;0
soñar;PRT_Imperfecto;vosotros;soñabais;B-cambio a las 1 2 3 6 ;0
soñar;Futuro;vosotros;soñaréis ;B-cambio a las 1 2 3 6 ;0
soñar;Conditionnal;vosotros;soñaríaís ;B-cambio a las 1 2 3 6 ;0
soñar;Subj_PRES;vosotros;soñéis;B-cambio a las 1 2 3 6 ;0
soñar;Subj_IMP_1;vosotros;soñarais;B-cambio a las 1 2 3 6 ;0
soñar;Present;ellos;sueñan;B-cambio a las 1 2 3 6 ;1
soñar;PRT_Indefinido;ellos;soñaron;B-cambio a las 1 2 3 6 ;0
soñar;PRT_Imperfecto;ellos;soñaban;B-cambio a las 1 2 3 6 ;0
soñar;Futuro;ellos;soñarán;B-cambio a las 1 2 3 6 ;0
soñar;Conditionnal;ellos;soñarían;B-cambio a las 1 2 3 6 ;0
soñar;Subj_PRES;ellos;sueñen;B-cambio a las 1 2 3 6 ;1
soñar;Subj_IMP_1;ellos;soñaran;B-cambio a las 1 2 3 6 ;0
despedir;Present;yo;despido;B-cambio a las 1 2 3 6 ;1
despedir;PRT_Indefinido;yo;despedí;B-cambio a las 1 2 3 6 ;0
despedir;PRT_Imperfecto;yo;despedía;B-cambio a las 1 2 3 6 ;0
despedir;Futuro;yo;despediré;B-cambio a las 1 2 3 6 ;0
despedir;Conditionnal;yo;despediría;B-cambio a las 1 2 3 6 ;0
despedir;Subj_PRES;yo;despida;B-cambio a las 1 2 3 6 ;1
despedir;Subj_IMP_1;yo;despidiera;B-cambio a las 1 2 3 6 ;1
despedir;Present;tu;despides;B-cambio a las 1 2 3 6 ;1
despedir;PRT_Indefinido;tu;despediste;B-cambio a las 1 2 3 6 ;0
despedir;PRT_Imperfecto;tu;despedías;B-cambio a las 1 2 3 6 ;0
despedir;Futuro;tu;despedirás;B-cambio a las 1 2 3 6 ;0
despedir;Conditionnal;tu;despedirías;B-cambio a las 1 2 3 6 ;0
despedir;Subj_PRES;tu;despidas;B-cambio a las 1 2 3 6 ;1
despedir;Subj_IMP_1;tu;despidieras;B-cambio a las 1 2 3 6 ;1
despedir;Present;el;despide;B-cambio a las 1 2 3 6 ;1
despedir;PRT_Indefinido;el;despidió;B-cambio a las 1 2 3 6 ;1
despedir;PRT_Imperfecto;el;despedía;B-cambio a las 1 2 3 6 ;0
despedir;Futuro;el;despedirá;B-cambio a las 1 2 3 6 ;0
despedir;Conditionnal;el;despediría;B-cambio a las 1 2 3 6 ;0
despedir;Subj_PRES;el;despida;B-cambio a las 1 2 3 6 ;1
despedir;Subj_IMP_1;el;despidiera;B-cambio a las 1 2 3 6 ;1
despedir;Present;nosotros;despedimos;B-cambio a las 1 2 3 6 ;0
despedir;PRT_Indefinido;nosotros;despedimos;B-cambio a las 1 2 3 6 ;0
despedir;PRT_Imperfecto;nosotros;despedíamos;B-cambio a las 1 2 3 6 ;0
despedir;Futuro;nosotros;despediremos;B-cambio a las 1 2 3 6 ;0
despedir;Conditionnal;nosotros;despediríamos;B-cambio a las 1 2 3 6 ;0
despedir;Subj_PRES;nosotros;despidamos;B-cambio a las 1 2 3 6 ;1
despedir;Subj_IMP_1;nosotros;despidiéramos;B-cambio a las 1 2 3 6 ;1
despedir;Present;vosotros;despedis;B-cambio a las 1 2 3 6 ;0
despedir;PRT_Indefinido;vosotros;despedisteis;B-cambio a las 1 2 3 6 ;0
despedir;PRT_Imperfecto;vosotros;despedíais;B-cambio a las 1 2 3 6 ;0
despedir;Futuro;vosotros;despediréis;B-cambio a las 1 2 3 6 ;0
despedir;Conditionnal;vosotros;despediríais;B-cambio a las 1 2 3 6 ;0
despedir;Subj_PRES;vosotros;despidáis;B-cambio a las 1 2 3 6 ;1
despedir;Subj_IMP_1;vosotros;despidierais;B-cambio a las 1 2 3 6 ;1
despedir;Present;ellos;despiden;B-cambio a las 1 2 3 6 ;1
despedir;PRT_Indefinido;ellos;despidieron;B-cambio a las 1 2 3 6 ;1
despedir;PRT_Imperfecto;ellos;despedían;B-cambio a las 1 2 3 6 ;0
despedir;Futuro;ellos;despedirán;B-cambio a las 1 2 3 6 ;0
despedir;Conditionnal;ellos;despedirían;B-cambio a las 1 2 3 6 ;0
despedir;Subj_PRES;ellos;despidan;B-cambio a las 1 2 3 6 ;1
despedir;Subj_IMP_1;ellos;despidieran;B-cambio a las 1 2 3 6 ;1
sentir;Present;yo;siento;B-cambio a las 1 2 3 6 ;1
sentir;PRT_Indefinido;yo;sentí;B-cambio a las 1 2 3 6 ;0
sentir;PRT_Imperfecto;yo;sentía;B-cambio a las 1 2 3 6 ;0
sentir;Futuro;yo;sentiré;B-cambio a las 1 2 3 6 ;0
sentir;Conditionnal;yo;sentiría;B-cambio a las 1 2 3 6 ;0
sentir;Subj_PRES;yo;sienta;B-cambio a las 1 2 3 6 ;1
sentir;Subj_IMP_1;yo;sintiera;B-cambio a las 1 2 3 6 ;1
sentir;Present;tu;sientes;B-cambio a las 1 2 3 6 ;1
sentir;PRT_Indefinido;tu;sentiste;B-cambio a las 1 2 3 6 ;0
sentir;PRT_Imperfecto;tu;sentías;B-cambio a las 1 2 3 6 ;0
sentir;Futuro;tu;sentirás;B-cambio a las 1 2 3 6 ;0
sentir;Conditionnal;tu;sentirías;B-cambio a las 1 2 3 6 ;0
sentir;Subj_PRES;tu;sientas;B-cambio a las 1 2 3 6 ;1
sentir;Subj_IMP_1;tu;sintieras;B-cambio a las 1 2 3 6 ;1
sentir;Present;el;siente;B-cambio a las 1 2 3 6 ;1
sentir;PRT_Indefinido;el;sintió;B-cambio a las 1 2 3 6 ;1
sentir;PRT_Imperfecto;el;sentía;B-cambio a las 1 2 3 6 ;0
sentir;Futuro;el;sentirá;B-cambio a las 1 2 3 6 ;0
sentir;Conditionnal;el;sentiría;B-cambio a las 1 2 3 6 ;0
sentir;Subj_PRES;el;sienta;B-cambio a las 1 2 3 6 ;1
sentir;Subj_IMP_1;el;sintiera;B-cambio a las 1 2 3 6 ;1
sentir;Present;nosotros;sentimos;B-cambio a las 1 2 3 6 ;0
sentir;PRT_Indefinido;nosotros;sentimos;B-cambio a las 1 2 3 6 ;0
sentir;PRT_Imperfecto;nosotros;sentíamos;B-cambio a las 1 2 3 6 ;0
sentir;Futuro;nosotros;sentiremos;B-cambio a las 1 2 3 6 ;0
sentir;Conditionnal;nosotros;sentiríamos;B-cambio a las 1 2 3 6 ;0
sentir;Subj_PRES;nosotros;sintamos;B-cambio a las 1 2 3 6 ;1
sentir;Subj_IMP_1;nosotros;sintiéramos;B-cambio a las 1 2 3 6 ;1
sentir;Present;vosotros;sentis;B-cambio a las 1 2 3 6 ;0
sentir;PRT_Indefinido;vosotros;sentisteis;B-cambio a las 1 2 3 6 ;0
sentir;PRT_Imperfecto;vosotros;sentíais;B-cambio a las 1 2 3 6 ;0
sentir;Futuro;vosotros;sentiréis;B-cambio a las 1 2 3 6 ;0
sentir;Conditionnal;vosotros;sentiríais;B-cambio a las 1 2 3 6 ;0
sentir;Subj_PRES;vosotros;sintáis;B-cambio a las 1 2 3 6 ;1
sentir;Subj_IMP_1;vosotros;sintierais;B-cambio a las 1 2 3 6 ;1
sentir;Present;ellos;sienten;B-cambio a las 1 2 3 6 ;1
sentir;PRT_Indefinido;ellos;sintieron;B-cambio a las 1 2 3 6 ;1
sentir;PRT_Imperfecto;ellos;sentían;B-cambio a las 1 2 3 6 ;0
sentir;Futuro;ellos;sentirán;B-cambio a las 1 2 3 6 ;0
sentir;Conditionnal;ellos;sentirían;B-cambio a las 1 2 3 6 ;0
sentir;Subj_PRES;ellos;sientan;B-cambio a las 1 2 3 6 ;1
sentir;Subj_IMP_1;ellos;sintieran;B-cambio a las 1 2 3 6 ;1
